user_id,signup_date,activity_date,feature_a_used,feature_b_used,feature_c_used,num_active_months
1,2024-01-04,2024-01-08,0,0,1,1
2,2024-01-09,2024-01-13,0,1,0,1
2,2024-01-09,2024-01-13,0,1,0,1
3,2024-01-08,2024-01-11,1,0,1,6
3,2024-01-08,2024-01-13,1,0,1,6
3,2024-01-08,2024-01-15,1,0,1,6
4,2024-01-08,2024-01-11,0,0,1,1
4,2024-01-08,2024-01-13,0,0,1,1
4,2024-01-08,2024-01-15,0,0,1,1
5,2024-01-08,2024-01-14,0,1,0,3
5,2024-01-08,2024-01-14,0,1,0,3
5,2024-01-08,2024-01-15,0,1,0,3
6,2024-01-02,2024-01-09,0,1,1,1
7,2024-01-05,2024-01-11,1,1,0,3
8,2024-01-08,2024-01-14,1,1,0,4
8,2024-01-08,2024-01-15,1,1,0,4
8,2024-01-08,2024-01-15,1,1,0,4
9,2024-01-02,2024-01-04,0,1,0,4
10,2024-01-02,2024-01-05,0,0,0,4
10,2024-01-02,2024-01-05,0,0,0,4
10,2024-01-02,2024-01-08,0,0,0,4
11,2024-01-07,2024-01-09,1,0,1,4
11,2024-01-07,2024-01-12,1,0,1,4
12,2024-01-01,2024-01-02,1,1,1,3
12,2024-01-01,2024-01-06,1,1,1,3
13,2024-01-02,2024-01-04,0,0,1,1
13,2024-01-02,2024-01-05,0,0,1,1
13,2024-01-02,2024-01-09,0,0,1,1
14,2024-01-04,2024-01-07,0,0,0,2
14,2024-01-04,2024-01-09,0,0,0,2
14,2024-01-04,2024-01-10,0,0,0,2
15,2024-01-09,2024-01-11,1,0,1,4
15,2024-01-09,2024-01-15,1,0,1,4
16,2024-01-08,2024-01-12,1,0,0,7
16,2024-01-08,2024-01-14,1,0,0,7
16,2024-01-08,2024-01-14,1,0,0,7
17,2024-01-08,2024-01-11,0,0,0,2
17,2024-01-08,2024-01-11,0,0,0,2
17,2024-01-08,2024-01-14,0,0,0,2
18,2024-01-01,2024-01-08,0,1,0,2
19,2024-01-07,2024-01-09,1,1,0,5
19,2024-01-07,2024-01-10,1,1,0,5
20,2024-01-06,2024-01-09,1,0,1,2
20,2024-01-06,2024-01-09,1,0,1,2
20,2024-01-06,2024-01-12,1,0,1,2
21,2024-01-10,2024-01-15,0,1,0,2
22,2024-01-01,2024-01-06,1,0,0,2
23,2024-01-03,2024-01-06,0,1,0,1
23,2024-01-03,2024-01-09,0,1,0,1
23,2024-01-03,2024-01-09,0,1,0,1
24,2024-01-07,2024-01-09,1,0,0,6
25,2024-01-04,2024-01-06,0,0,0,2
26,2024-01-06,2024-01-09,0,0,0,4
27,2024-01-02,2024-01-07,0,1,0,1
28,2024-01-01,2024-01-06,1,0,0,4
28,2024-01-01,2024-01-08,1,0,0,4
28,2024-01-01,2024-01-08,1,0,0,4
29,2024-01-01,2024-01-02,0,0,0,2
29,2024-01-01,2024-01-05,0,0,0,2
30,2024-01-09,2024-01-10,0,1,1,3
30,2024-01-09,2024-01-11,0,1,1,3
31,2024-01-01,2024-01-03,1,1,1,5
32,2024-01-07,2024-01-09,1,1,0,6
32,2024-01-07,2024-01-13,1,1,0,6
32,2024-01-07,2024-01-13,1,1,0,6
33,2024-01-01,2024-01-05,0,1,1,3
33,2024-01-01,2024-01-06,0,1,1,3
33,2024-01-01,2024-01-08,0,1,1,3
34,2024-01-10,2024-01-14,1,1,0,4
35,2024-01-10,2024-01-11,0,0,1,1
35,2024-01-10,2024-01-13,0,0,1,1
35,2024-01-10,2024-01-14,0,0,1,1
36,2024-01-04,2024-01-05,0,0,1,4
36,2024-01-04,2024-01-09,0,0,1,4
37,2024-01-03,2024-01-05,0,0,0,2
37,2024-01-03,2024-01-06,0,0,0,2
37,2024-01-03,2024-01-08,0,0,0,2
38,2024-01-04,2024-01-05,1,1,1,2
39,2024-01-04,2024-01-05,1,1,1,3
39,2024-01-04,2024-01-07,1,1,1,3
40,2024-01-10,2024-01-12,0,0,1,1
40,2024-01-10,2024-01-13,0,0,1,1
40,2024-01-10,2024-01-13,0,0,1,1
41,2024-01-04,2024-01-10,0,0,0,1
41,2024-01-04,2024-01-11,0,0,0,1
41,2024-01-04,2024-01-11,0,0,0,1
42,2024-01-01,2024-01-04,1,1,1,7
42,2024-01-01,2024-01-06,1,1,1,7
43,2024-01-02,2024-01-07,1,1,1,3
43,2024-01-02,2024-01-08,1,1,1,3
44,2024-01-07,2024-01-13,0,0,0,1
44,2024-01-07,2024-01-13,0,0,0,1
44,2024-01-07,2024-01-14,0,0,0,1
45,2024-01-09,2024-01-10,0,0,0,3
46,2024-01-03,2024-01-05,0,1,1,1
46,2024-01-03,2024-01-09,0,1,1,1
47,2024-01-07,2024-01-08,1,1,1,2
48,2024-01-04,2024-01-05,0,0,1,1
48,2024-01-04,2024-01-10,0,0,1,1
49,2024-01-09,2024-01-11,1,1,0,5
50,2024-01-01,2024-01-02,1,0,1,5
50,2024-01-01,2024-01-05,1,0,1,5
51,2024-01-02,2024-01-04,1,1,0,3
52,2024-01-08,2024-01-15,1,0,1,4
53,2024-01-08,2024-01-11,1,0,0,6
53,2024-01-08,2024-01-12,1,0,0,6
54,2024-01-07,2024-01-09,0,1,1,3
54,2024-01-07,2024-01-14,0,1,1,3
54,2024-01-07,2024-01-14,0,1,1,3
55,2024-01-03,2024-01-08,0,1,1,3
56,2024-01-10,2024-01-15,1,0,1,4
57,2024-01-08,2024-01-12,0,1,1,1
57,2024-01-08,2024-01-13,0,1,1,1
58,2024-01-07,2024-01-10,1,0,0,6
59,2024-01-08,2024-01-11,0,1,0,4
60,2024-01-07,2024-01-08,0,1,0,1
60,2024-01-07,2024-01-13,0,1,0,1
60,2024-01-07,2024-01-14,0,1,0,1
61,2024-01-02,2024-01-05,1,0,0,3
62,2024-01-04,2024-01-07,0,1,0,2
62,2024-01-04,2024-01-07,0,1,0,2
63,2024-01-03,2024-01-04,1,1,0,7
63,2024-01-03,2024-01-06,1,1,0,7
63,2024-01-03,2024-01-07,1,1,0,7
64,2024-01-06,2024-01-07,0,1,1,3
64,2024-01-06,2024-01-09,0,1,1,3
64,2024-01-06,2024-01-11,0,1,1,3
65,2024-01-03,2024-01-09,0,1,1,2
66,2024-01-08,2024-01-10,0,0,0,2
66,2024-01-08,2024-01-11,0,0,0,2
66,2024-01-08,2024-01-12,0,0,0,2
67,2024-01-03,2024-01-05,0,1,0,2
67,2024-01-03,2024-01-09,0,1,0,2
68,2024-01-09,2024-01-12,0,1,1,4
68,2024-01-09,2024-01-14,0,1,1,4
69,2024-01-06,2024-01-10,1,1,1,6
69,2024-01-06,2024-01-11,1,1,1,6
70,2024-01-06,2024-01-08,1,0,1,6
70,2024-01-06,2024-01-11,1,0,1,6
70,2024-01-06,2024-01-11,1,0,1,6
71,2024-01-01,2024-01-02,1,1,1,3
71,2024-01-01,2024-01-03,1,1,1,3
71,2024-01-01,2024-01-08,1,1,1,3
72,2024-01-05,2024-01-11,0,0,1,3
72,2024-01-05,2024-01-11,0,0,1,3
73,2024-01-02,2024-01-05,0,0,0,2
74,2024-01-01,2024-01-03,1,1,1,4
74,2024-01-01,2024-01-03,1,1,1,4
74,2024-01-01,2024-01-06,1,1,1,4
75,2024-01-07,2024-01-08,1,1,0,4
75,2024-01-07,2024-01-09,1,1,0,4
75,2024-01-07,2024-01-14,1,1,0,4
76,2024-01-08,2024-01-10,0,1,0,2
76,2024-01-08,2024-01-14,0,1,0,2
76,2024-01-08,2024-01-15,0,1,0,2
77,2024-01-10,2024-01-14,1,0,1,3
77,2024-01-10,2024-01-16,1,0,1,3
77,2024-01-10,2024-01-17,1,0,1,3
78,2024-01-08,2024-01-12,0,0,1,4
78,2024-01-08,2024-01-14,0,0,1,4
79,2024-01-06,2024-01-08,0,1,0,3
79,2024-01-06,2024-01-11,0,1,0,3
80,2024-01-06,2024-01-11,1,0,0,7
81,2024-01-06,2024-01-07,1,0,0,3
82,2024-01-08,2024-01-13,0,1,1,2
82,2024-01-08,2024-01-13,0,1,1,2
83,2024-01-08,2024-01-09,0,1,0,4
83,2024-01-08,2024-01-11,0,1,0,4
83,2024-01-08,2024-01-15,0,1,0,4
84,2024-01-02,2024-01-07,1,0,1,3
85,2024-01-07,2024-01-10,1,0,0,2
85,2024-01-07,2024-01-11,1,0,0,2
85,2024-01-07,2024-01-11,1,0,0,2
86,2024-01-01,2024-01-08,0,0,0,3
87,2024-01-09,2024-01-13,1,0,0,6
88,2024-01-01,2024-01-02,0,0,1,4
88,2024-01-01,2024-01-04,0,0,1,4
88,2024-01-01,2024-01-08,0,0,1,4
89,2024-01-06,2024-01-09,0,0,1,4
89,2024-01-06,2024-01-10,0,0,1,4
89,2024-01-06,2024-01-11,0,0,1,4
90,2024-01-07,2024-01-11,1,0,0,5
91,2024-01-08,2024-01-10,0,0,1,3
91,2024-01-08,2024-01-12,0,0,1,3
92,2024-01-01,2024-01-06,1,1,1,2
93,2024-01-04,2024-01-08,0,1,1,1
93,2024-01-04,2024-01-11,0,1,1,1
94,2024-01-10,2024-01-13,1,1,1,7
94,2024-01-10,2024-01-16,1,1,1,7
95,2024-01-04,2024-01-05,1,0,1,3
95,2024-01-04,2024-01-08,1,0,1,3
95,2024-01-04,2024-01-11,1,0,1,3
96,2024-01-03,2024-01-06,0,0,1,1
96,2024-01-03,2024-01-09,0,0,1,1
97,2024-01-06,2024-01-09,0,1,0,2
98,2024-01-06,2024-01-08,1,1,0,5
98,2024-01-06,2024-01-11,1,1,0,5
99,2024-01-09,2024-01-16,0,1,0,2
100,2024-01-08,2024-01-11,0,1,0,3
101,2024-01-07,2024-01-08,0,1,1,1
101,2024-01-07,2024-01-10,0,1,1,1
102,2024-01-02,2024-01-06,0,0,0,1
102,2024-01-02,2024-01-07,0,0,0,1
103,2024-01-07,2024-01-10,0,0,1,3
103,2024-01-07,2024-01-12,0,0,1,3
103,2024-01-07,2024-01-14,0,0,1,3
104,2024-01-05,2024-01-09,0,0,0,3
104,2024-01-05,2024-01-11,0,0,0,3
104,2024-01-05,2024-01-12,0,0,0,3
105,2024-01-07,2024-01-12,1,0,1,6
105,2024-01-07,2024-01-14,1,0,1,6
106,2024-01-07,2024-01-11,1,1,0,4
106,2024-01-07,2024-01-12,1,1,0,4
107,2024-01-06,2024-01-12,0,1,1,1
108,2024-01-04,2024-01-10,1,1,1,6
108,2024-01-04,2024-01-10,1,1,1,6
108,2024-01-04,2024-01-11,1,1,1,6
109,2024-01-10,2024-01-13,1,0,0,3
109,2024-01-10,2024-01-15,1,0,0,3
110,2024-01-04,2024-01-11,1,0,0,7
111,2024-01-04,2024-01-05,0,0,1,3
112,2024-01-03,2024-01-07,0,0,0,2
112,2024-01-03,2024-01-09,0,0,0,2
112,2024-01-03,2024-01-10,0,0,0,2
113,2024-01-05,2024-01-09,1,0,0,3
113,2024-01-05,2024-01-10,1,0,0,3
114,2024-01-01,2024-01-02,1,0,1,4
114,2024-01-01,2024-01-06,1,0,1,4
114,2024-01-01,2024-01-07,1,0,1,4
115,2024-01-03,2024-01-08,0,0,1,3
116,2024-01-08,2024-01-09,1,1,0,2
116,2024-01-08,2024-01-10,1,1,0,2
117,2024-01-04,2024-01-05,1,1,0,6
117,2024-01-04,2024-01-08,1,1,0,6
117,2024-01-04,2024-01-09,1,1,0,6
118,2024-01-02,2024-01-08,1,0,0,3
118,2024-01-02,2024-01-08,1,0,0,3
119,2024-01-04,2024-01-05,1,0,1,4
119,2024-01-04,2024-01-09,1,0,1,4
120,2024-01-05,2024-01-07,1,0,0,3
120,2024-01-05,2024-01-08,1,0,0,3
121,2024-01-08,2024-01-14,0,1,0,1
122,2024-01-04,2024-01-09,0,1,0,3
122,2024-01-04,2024-01-11,0,1,0,3
123,2024-01-08,2024-01-09,1,0,1,6
123,2024-01-08,2024-01-11,1,0,1,6
123,2024-01-08,2024-01-11,1,0,1,6
124,2024-01-02,2024-01-06,0,1,0,2
124,2024-01-02,2024-01-06,0,1,0,2
124,2024-01-02,2024-01-09,0,1,0,2
125,2024-01-08,2024-01-11,0,1,1,4
125,2024-01-08,2024-01-13,0,1,1,4
125,2024-01-08,2024-01-15,0,1,1,4
126,2024-01-06,2024-01-07,0,1,0,1
126,2024-01-06,2024-01-12,0,1,0,1
126,2024-01-06,2024-01-13,0,1,0,1
127,2024-01-02,2024-01-03,1,0,0,5
128,2024-01-01,2024-01-04,1,0,1,4
128,2024-01-01,2024-01-07,1,0,1,4
129,2024-01-03,2024-01-05,1,0,0,6
129,2024-01-03,2024-01-08,1,0,0,6
130,2024-01-01,2024-01-02,1,0,0,5
130,2024-01-01,2024-01-08,1,0,0,5
131,2024-01-08,2024-01-09,1,0,0,5
131,2024-01-08,2024-01-12,1,0,0,5
132,2024-01-02,2024-01-08,1,1,0,4
133,2024-01-10,2024-01-13,0,1,0,2
133,2024-01-10,2024-01-14,0,1,0,2
134,2024-01-01,2024-01-06,1,1,1,4
134,2024-01-01,2024-01-07,1,1,1,4
135,2024-01-02,2024-01-04,1,0,1,7
135,2024-01-02,2024-01-04,1,0,1,7
135,2024-01-02,2024-01-05,1,0,1,7
136,2024-01-07,2024-01-13,0,1,0,1
137,2024-01-02,2024-01-03,0,0,0,1
137,2024-01-02,2024-01-05,0,0,0,1
138,2024-01-08,2024-01-09,0,1,1,3
139,2024-01-05,2024-01-06,1,1,0,4
140,2024-01-04,2024-01-10,1,0,1,7
141,2024-01-01,2024-01-04,1,1,1,3
141,2024-01-01,2024-01-06,1,1,1,3
142,2024-01-01,2024-01-03,1,1,0,6
142,2024-01-01,2024-01-04,1,1,0,6
142,2024-01-01,2024-01-06,1,1,0,6
143,2024-01-06,2024-01-07,1,1,1,7
143,2024-01-06,2024-01-09,1,1,1,7
144,2024-01-06,2024-01-07,0,0,1,4
144,2024-01-06,2024-01-10,0,0,1,4
144,2024-01-06,2024-01-11,0,0,1,4
145,2024-01-03,2024-01-06,1,1,1,6
145,2024-01-03,2024-01-09,1,1,1,6
146,2024-01-05,2024-01-07,0,0,1,3
146,2024-01-05,2024-01-09,0,0,1,3
147,2024-01-10,2024-01-12,0,1,0,2
147,2024-01-10,2024-01-13,0,1,0,2
147,2024-01-10,2024-01-14,0,1,0,2
148,2024-01-02,2024-01-03,1,0,1,5
148,2024-01-02,2024-01-06,1,0,1,5
148,2024-01-02,2024-01-08,1,0,1,5
149,2024-01-03,2024-01-04,1,1,0,2
149,2024-01-03,2024-01-07,1,1,0,2
150,2024-01-01,2024-01-05,0,1,0,2
151,2024-01-05,2024-01-06,1,1,0,4
151,2024-01-05,2024-01-11,1,1,0,4
152,2024-01-05,2024-01-10,0,0,0,4
152,2024-01-05,2024-01-12,0,0,0,4
153,2024-01-05,2024-01-07,1,1,0,2
153,2024-01-05,2024-01-11,1,1,0,2
153,2024-01-05,2024-01-11,1,1,0,2
154,2024-01-06,2024-01-07,1,1,1,4
154,2024-01-06,2024-01-12,1,1,1,4
155,2024-01-09,2024-01-11,1,0,0,7
156,2024-01-09,2024-01-11,1,1,1,2
156,2024-01-09,2024-01-13,1,1,1,2
156,2024-01-09,2024-01-13,1,1,1,2
157,2024-01-03,2024-01-04,1,1,1,4
157,2024-01-03,2024-01-05,1,1,1,4
157,2024-01-03,2024-01-10,1,1,1,4
158,2024-01-10,2024-01-11,1,0,1,5
159,2024-01-05,2024-01-09,0,1,1,3
159,2024-01-05,2024-01-09,0,1,1,3
159,2024-01-05,2024-01-10,0,1,1,3
160,2024-01-03,2024-01-04,0,0,0,3
160,2024-01-03,2024-01-06,0,0,0,3
160,2024-01-03,2024-01-06,0,0,0,3
161,2024-01-02,2024-01-04,1,0,1,4
162,2024-01-10,2024-01-12,1,0,1,5
162,2024-01-10,2024-01-14,1,0,1,5
162,2024-01-10,2024-01-14,1,0,1,5
163,2024-01-04,2024-01-09,1,1,1,3
164,2024-01-01,2024-01-04,0,1,1,2
164,2024-01-01,2024-01-05,0,1,1,2
164,2024-01-01,2024-01-06,0,1,1,2
165,2024-01-04,2024-01-08,1,1,1,2
166,2024-01-10,2024-01-11,0,0,0,3
166,2024-01-10,2024-01-15,0,0,0,3
167,2024-01-03,2024-01-08,1,0,0,5
168,2024-01-06,2024-01-07,1,0,0,4
168,2024-01-06,2024-01-10,1,0,0,4
169,2024-01-05,2024-01-06,1,1,1,3
169,2024-01-05,2024-01-11,1,1,1,3
170,2024-01-08,2024-01-09,1,0,0,3
171,2024-01-06,2024-01-07,0,0,0,3
171,2024-01-06,2024-01-12,0,0,0,3
171,2024-01-06,2024-01-13,0,0,0,3
172,2024-01-07,2024-01-10,1,0,0,7
173,2024-01-05,2024-01-06,1,1,0,7
173,2024-01-05,2024-01-09,1,1,0,7
173,2024-01-05,2024-01-12,1,1,0,7
174,2024-01-03,2024-01-04,0,0,0,1
174,2024-01-03,2024-01-07,0,0,0,1
175,2024-01-04,2024-01-07,1,1,1,4
175,2024-01-04,2024-01-11,1,1,1,4
176,2024-01-10,2024-01-11,1,0,0,3
176,2024-01-10,2024-01-14,1,0,0,3
176,2024-01-10,2024-01-17,1,0,0,3
177,2024-01-09,2024-01-15,1,1,0,7
177,2024-01-09,2024-01-16,1,1,0,7
178,2024-01-08,2024-01-10,0,1,1,1
179,2024-01-05,2024-01-07,1,0,1,7
179,2024-01-05,2024-01-08,1,0,1,7
179,2024-01-05,2024-01-09,1,0,1,7
180,2024-01-07,2024-01-08,0,0,0,1
180,2024-01-07,2024-01-11,0,0,0,1
180,2024-01-07,2024-01-13,0,0,0,1
181,2024-01-02,2024-01-06,0,1,1,4
182,2024-01-09,2024-01-11,1,1,1,4
182,2024-01-09,2024-01-11,1,1,1,4
183,2024-01-03,2024-01-04,1,1,0,7
183,2024-01-03,2024-01-10,1,1,0,7
184,2024-01-10,2024-01-14,0,0,1,4
185,2024-01-07,2024-01-13,0,0,1,2
186,2024-01-01,2024-01-04,1,0,1,6
186,2024-01-01,2024-01-07,1,0,1,6
187,2024-01-08,2024-01-11,1,1,0,5
187,2024-01-08,2024-01-15,1,1,0,5
188,2024-01-10,2024-01-14,1,1,0,5
189,2024-01-01,2024-01-03,1,1,0,3
189,2024-01-01,2024-01-03,1,1,0,3
189,2024-01-01,2024-01-08,1,1,0,3
190,2024-01-07,2024-01-09,0,0,0,2
191,2024-01-08,2024-01-09,1,0,0,3
192,2024-01-06,2024-01-09,0,1,0,2
192,2024-01-06,2024-01-09,0,1,0,2
192,2024-01-06,2024-01-13,0,1,0,2
193,2024-01-08,2024-01-09,1,1,0,5
193,2024-01-08,2024-01-09,1,1,0,5
193,2024-01-08,2024-01-12,1,1,0,5
194,2024-01-04,2024-01-08,1,0,1,3
195,2024-01-06,2024-01-08,0,1,1,2
196,2024-01-03,2024-01-04,1,1,1,7
196,2024-01-03,2024-01-08,1,1,1,7
197,2024-01-02,2024-01-06,0,1,0,4
197,2024-01-02,2024-01-08,0,1,0,4
198,2024-01-03,2024-01-10,0,1,1,4
199,2024-01-04,2024-01-06,0,1,0,1
199,2024-01-04,2024-01-10,0,1,0,1
200,2024-01-07,2024-01-10,0,1,0,4
200,2024-01-07,2024-01-11,0,1,0,4
200,2024-01-07,2024-01-14,0,1,0,4
201,2024-01-04,2024-01-05,0,0,1,4
201,2024-01-04,2024-01-10,0,0,1,4
202,2024-01-02,2024-01-05,1,0,0,6
202,2024-01-02,2024-01-08,1,0,0,6
203,2024-01-03,2024-01-05,0,0,0,3
203,2024-01-03,2024-01-06,0,0,0,3
203,2024-01-03,2024-01-07,0,0,0,3
204,2024-01-04,2024-01-06,0,0,1,4
204,2024-01-04,2024-01-06,0,0,1,4
204,2024-01-04,2024-01-08,0,0,1,4
205,2024-01-01,2024-01-02,0,1,1,2
205,2024-01-01,2024-01-07,0,1,1,2
206,2024-01-02,2024-01-09,1,0,1,7
207,2024-01-01,2024-01-06,0,0,0,4
208,2024-01-09,2024-01-14,1,1,0,6
209,2024-01-04,2024-01-05,1,0,0,2
210,2024-01-04,2024-01-05,1,0,1,6
210,2024-01-04,2024-01-10,1,0,1,6
211,2024-01-01,2024-01-05,0,1,0,3
211,2024-01-01,2024-01-07,0,1,0,3
212,2024-01-01,2024-01-04,0,0,1,1
212,2024-01-01,2024-01-04,0,0,1,1
212,2024-01-01,2024-01-05,0,0,1,1
213,2024-01-07,2024-01-12,0,0,0,1
213,2024-01-07,2024-01-13,0,0,0,1
213,2024-01-07,2024-01-13,0,0,0,1
214,2024-01-05,2024-01-12,1,1,0,4
215,2024-01-08,2024-01-13,1,1,0,3
215,2024-01-08,2024-01-14,1,1,0,3
215,2024-01-08,2024-01-15,1,1,0,3
216,2024-01-08,2024-01-15,1,0,0,7
217,2024-01-05,2024-01-06,1,1,0,3
217,2024-01-05,2024-01-08,1,1,0,3
217,2024-01-05,2024-01-12,1,1,0,3
218,2024-01-07,2024-01-08,1,1,0,3
218,2024-01-07,2024-01-10,1,1,0,3
219,2024-01-06,2024-01-09,1,1,1,6
219,2024-01-06,2024-01-11,1,1,1,6
219,2024-01-06,2024-01-12,1,1,1,6
220,2024-01-05,2024-01-10,0,0,0,3
221,2024-01-09,2024-01-10,0,1,0,4
221,2024-01-09,2024-01-10,0,1,0,4
221,2024-01-09,2024-01-13,0,1,0,4
222,2024-01-07,2024-01-09,0,0,1,4
223,2024-01-03,2024-01-04,0,0,1,4
223,2024-01-03,2024-01-06,0,0,1,4
223,2024-01-03,2024-01-10,0,0,1,4
224,2024-01-01,2024-01-02,0,1,1,4
224,2024-01-01,2024-01-05,0,1,1,4
224,2024-01-01,2024-01-07,0,1,1,4
225,2024-01-04,2024-01-05,0,1,0,1
225,2024-01-04,2024-01-09,0,1,0,1
225,2024-01-04,2024-01-10,0,1,0,1
226,2024-01-02,2024-01-04,0,1,1,1
226,2024-01-02,2024-01-05,0,1,1,1
227,2024-01-08,2024-01-11,1,0,0,7
227,2024-01-08,2024-01-12,1,0,0,7
228,2024-01-06,2024-01-09,0,0,1,3
228,2024-01-06,2024-01-10,0,0,1,3
228,2024-01-06,2024-01-13,0,0,1,3
229,2024-01-06,2024-01-08,1,1,1,7
229,2024-01-06,2024-01-08,1,1,1,7
229,2024-01-06,2024-01-09,1,1,1,7
230,2024-01-09,2024-01-11,0,1,0,2
230,2024-01-09,2024-01-15,0,1,0,2
231,2024-01-09,2024-01-10,1,1,1,2
231,2024-01-09,2024-01-10,1,1,1,2
231,2024-01-09,2024-01-12,1,1,1,2
232,2024-01-07,2024-01-08,1,0,0,6
232,2024-01-07,2024-01-09,1,0,0,6
232,2024-01-07,2024-01-12,1,0,0,6
233,2024-01-02,2024-01-07,1,0,1,7
234,2024-01-10,2024-01-12,1,1,1,2
234,2024-01-10,2024-01-12,1,1,1,2
234,2024-01-10,2024-01-17,1,1,1,2
235,2024-01-05,2024-01-07,1,0,1,7
235,2024-01-05,2024-01-08,1,0,1,7
236,2024-01-01,2024-01-02,1,1,1,7
237,2024-01-07,2024-01-13,1,1,1,5
237,2024-01-07,2024-01-13,1,1,1,5
237,2024-01-07,2024-01-13,1,1,1,5
238,2024-01-09,2024-01-14,1,0,0,3
238,2024-01-09,2024-01-14,1,0,0,3
238,2024-01-09,2024-01-15,1,0,0,3
239,2024-01-07,2024-01-11,1,0,1,3
240,2024-01-09,2024-01-10,0,1,0,4
240,2024-01-09,2024-01-11,0,1,0,4
240,2024-01-09,2024-01-14,0,1,0,4
241,2024-01-04,2024-01-09,0,0,0,2
241,2024-01-04,2024-01-11,0,0,0,2
242,2024-01-03,2024-01-05,0,0,0,4
242,2024-01-03,2024-01-09,0,0,0,4
243,2024-01-06,2024-01-09,0,0,1,2
244,2024-01-09,2024-01-11,0,1,1,2
245,2024-01-09,2024-01-12,1,0,1,6
246,2024-01-02,2024-01-04,0,0,0,1
247,2024-01-06,2024-01-08,0,0,1,3
247,2024-01-06,2024-01-11,0,0,1,3
247,2024-01-06,2024-01-12,0,0,1,3
248,2024-01-04,2024-01-09,0,0,1,1
248,2024-01-04,2024-01-11,0,0,1,1
249,2024-01-10,2024-01-16,1,1,1,7
249,2024-01-10,2024-01-17,1,1,1,7
250,2024-01-02,2024-01-04,0,1,0,4
250,2024-01-02,2024-01-06,0,1,0,4
251,2024-01-09,2024-01-12,1,1,0,2
251,2024-01-09,2024-01-13,1,1,0,2
251,2024-01-09,2024-01-15,1,1,0,2
252,2024-01-02,2024-01-09,1,0,1,4
253,2024-01-02,2024-01-09,1,0,0,7
254,2024-01-06,2024-01-12,0,0,0,4
255,2024-01-02,2024-01-07,1,0,1,6
256,2024-01-05,2024-01-10,0,0,0,3
256,2024-01-05,2024-01-12,0,0,0,3
257,2024-01-08,2024-01-10,0,0,1,3
258,2024-01-09,2024-01-16,0,1,1,4
258,2024-01-09,2024-01-16,0,1,1,4
259,2024-01-08,2024-01-09,0,0,1,1
260,2024-01-05,2024-01-06,1,0,0,6
260,2024-01-05,2024-01-07,1,0,0,6
260,2024-01-05,2024-01-12,1,0,0,6
261,2024-01-05,2024-01-06,0,0,0,2
261,2024-01-05,2024-01-08,0,0,0,2
261,2024-01-05,2024-01-12,0,0,0,2
262,2024-01-03,2024-01-04,1,0,0,4
263,2024-01-02,2024-01-05,1,0,0,6
264,2024-01-06,2024-01-09,0,1,1,4
264,2024-01-06,2024-01-11,0,1,1,4
265,2024-01-04,2024-01-08,1,0,1,2
265,2024-01-04,2024-01-10,1,0,1,2
266,2024-01-09,2024-01-15,0,0,0,2
266,2024-01-09,2024-01-15,0,0,0,2
266,2024-01-09,2024-01-16,0,0,0,2
267,2024-01-02,2024-01-04,0,1,0,1
267,2024-01-02,2024-01-08,0,1,0,1
268,2024-01-03,2024-01-07,0,0,0,4
268,2024-01-03,2024-01-09,0,0,0,4
269,2024-01-09,2024-01-11,1,1,0,5
269,2024-01-09,2024-01-11,1,1,0,5
270,2024-01-03,2024-01-08,0,0,1,3
271,2024-01-09,2024-01-10,0,1,0,1
271,2024-01-09,2024-01-14,0,1,0,1
272,2024-01-02,2024-01-05,0,0,0,1
272,2024-01-02,2024-01-05,0,0,0,1
273,2024-01-02,2024-01-09,1,1,1,5
274,2024-01-03,2024-01-04,1,1,0,5
274,2024-01-03,2024-01-05,1,1,0,5
274,2024-01-03,2024-01-05,1,1,0,5
275,2024-01-02,2024-01-03,0,0,1,1
275,2024-01-02,2024-01-05,0,0,1,1
276,2024-01-08,2024-01-09,0,1,1,1
277,2024-01-05,2024-01-07,1,0,1,2
277,2024-01-05,2024-01-08,1,0,1,2
278,2024-01-03,2024-01-04,1,1,0,6
278,2024-01-03,2024-01-05,1,1,0,6
279,2024-01-07,2024-01-11,1,1,0,5
279,2024-01-07,2024-01-12,1,1,0,5
280,2024-01-01,2024-01-04,1,1,1,4
281,2024-01-09,2024-01-12,0,1,0,2
281,2024-01-09,2024-01-15,0,1,0,2
282,2024-01-03,2024-01-09,1,0,1,2
282,2024-01-03,2024-01-09,1,0,1,2
283,2024-01-01,2024-01-05,0,0,0,2
284,2024-01-07,2024-01-08,0,0,0,4
284,2024-01-07,2024-01-13,0,0,0,4
284,2024-01-07,2024-01-13,0,0,0,4
285,2024-01-07,2024-01-08,1,1,1,4
285,2024-01-07,2024-01-12,1,1,1,4
286,2024-01-10,2024-01-14,0,0,1,4
286,2024-01-10,2024-01-14,0,0,1,4
286,2024-01-10,2024-01-15,0,0,1,4
287,2024-01-10,2024-01-13,0,0,1,4
287,2024-01-10,2024-01-13,0,0,1,4
287,2024-01-10,2024-01-13,0,0,1,4
288,2024-01-06,2024-01-10,0,0,1,4
288,2024-01-06,2024-01-11,0,0,1,4
289,2024-01-07,2024-01-08,1,1,1,5
289,2024-01-07,2024-01-11,1,1,1,5
290,2024-01-06,2024-01-08,1,0,0,7
290,2024-01-06,2024-01-12,1,0,0,7
291,2024-01-02,2024-01-03,1,1,1,6
291,2024-01-02,2024-01-05,1,1,1,6
291,2024-01-02,2024-01-09,1,1,1,6
292,2024-01-07,2024-01-09,1,0,0,5
292,2024-01-07,2024-01-12,1,0,0,5
292,2024-01-07,2024-01-14,1,0,0,5
293,2024-01-09,2024-01-13,0,0,1,1
293,2024-01-09,2024-01-15,0,0,1,1
293,2024-01-09,2024-01-16,0,0,1,1
294,2024-01-09,2024-01-12,0,0,1,2
295,2024-01-08,2024-01-12,1,0,1,4
296,2024-01-01,2024-01-06,1,0,1,4
296,2024-01-01,2024-01-07,1,0,1,4
297,2024-01-09,2024-01-11,1,0,0,5
297,2024-01-09,2024-01-16,1,0,0,5
298,2024-01-06,2024-01-07,0,1,1,1
299,2024-01-05,2024-01-09,1,0,0,6
300,2024-01-09,2024-01-10,0,0,0,1
300,2024-01-09,2024-01-12,0,0,0,1
300,2024-01-09,2024-01-15,0,0,0,1
301,2024-01-02,2024-01-03,0,1,0,4
301,2024-01-02,2024-01-04,0,1,0,4
301,2024-01-02,2024-01-08,0,1,0,4
302,2024-01-08,2024-01-13,1,1,0,3
303,2024-01-08,2024-01-09,0,0,0,2
303,2024-01-08,2024-01-10,0,0,0,2
303,2024-01-08,2024-01-10,0,0,0,2
304,2024-01-05,2024-01-09,1,1,1,3
304,2024-01-05,2024-01-12,1,1,1,3
305,2024-01-03,2024-01-04,1,0,0,4
305,2024-01-03,2024-01-07,1,0,0,4
306,2024-01-07,2024-01-09,0,0,0,1
306,2024-01-07,2024-01-11,0,0,0,1
306,2024-01-07,2024-01-12,0,0,0,1
307,2024-01-03,2024-01-05,1,1,1,5
307,2024-01-03,2024-01-06,1,1,1,5
307,2024-01-03,2024-01-07,1,1,1,5
308,2024-01-02,2024-01-05,0,0,1,2
308,2024-01-02,2024-01-05,0,0,1,2
309,2024-01-10,2024-01-12,0,0,0,4
309,2024-01-10,2024-01-13,0,0,0,4
310,2024-01-02,2024-01-04,1,0,1,7
311,2024-01-05,2024-01-06,0,0,1,2
311,2024-01-05,2024-01-09,0,0,1,2
311,2024-01-05,2024-01-12,0,0,1,2
312,2024-01-02,2024-01-09,1,0,0,6
313,2024-01-09,2024-01-10,0,0,0,4
314,2024-01-06,2024-01-09,0,1,0,2
315,2024-01-08,2024-01-09,0,0,1,2
315,2024-01-08,2024-01-10,0,0,1,2
315,2024-01-08,2024-01-12,0,0,1,2
316,2024-01-04,2024-01-06,0,1,0,2
316,2024-01-04,2024-01-07,0,1,0,2
317,2024-01-08,2024-01-11,1,0,0,4
317,2024-01-08,2024-01-13,1,0,0,4
318,2024-01-02,2024-01-04,1,1,1,5
318,2024-01-02,2024-01-06,1,1,1,5
318,2024-01-02,2024-01-09,1,1,1,5
319,2024-01-07,2024-01-09,0,0,0,2
319,2024-01-07,2024-01-12,0,0,0,2
320,2024-01-07,2024-01-13,1,1,0,6
320,2024-01-07,2024-01-13,1,1,0,6
320,2024-01-07,2024-01-13,1,1,0,6
321,2024-01-08,2024-01-09,1,1,1,5
321,2024-01-08,2024-01-11,1,1,1,5
321,2024-01-08,2024-01-12,1,1,1,5
322,2024-01-05,2024-01-08,0,1,0,1
322,2024-01-05,2024-01-09,0,1,0,1
322,2024-01-05,2024-01-12,0,1,0,1
323,2024-01-04,2024-01-07,0,1,1,1
324,2024-01-05,2024-01-06,1,0,0,4
324,2024-01-05,2024-01-06,1,0,0,4
325,2024-01-05,2024-01-07,1,1,0,2
325,2024-01-05,2024-01-09,1,1,0,2
325,2024-01-05,2024-01-12,1,1,0,2
326,2024-01-03,2024-01-04,1,1,0,6
326,2024-01-03,2024-01-08,1,1,0,6
327,2024-01-09,2024-01-11,1,1,1,2
327,2024-01-09,2024-01-14,1,1,1,2
328,2024-01-07,2024-01-08,1,1,1,4
328,2024-01-07,2024-01-10,1,1,1,4
329,2024-01-03,2024-01-04,0,0,0,3
329,2024-01-03,2024-01-04,0,0,0,3
329,2024-01-03,2024-01-06,0,0,0,3
330,2024-01-06,2024-01-10,1,0,1,6
330,2024-01-06,2024-01-13,1,0,1,6
331,2024-01-02,2024-01-03,1,1,0,6
331,2024-01-02,2024-01-06,1,1,0,6
331,2024-01-02,2024-01-09,1,1,0,6
332,2024-01-05,2024-01-10,0,0,0,4
333,2024-01-02,2024-01-07,1,1,0,4
333,2024-01-02,2024-01-09,1,1,0,4
334,2024-01-08,2024-01-11,1,1,1,5
334,2024-01-08,2024-01-13,1,1,1,5
334,2024-01-08,2024-01-15,1,1,1,5
335,2024-01-08,2024-01-14,0,1,1,1
336,2024-01-10,2024-01-12,0,0,1,3
336,2024-01-10,2024-01-12,0,0,1,3
337,2024-01-07,2024-01-09,1,0,1,5
337,2024-01-07,2024-01-10,1,0,1,5
338,2024-01-03,2024-01-08,1,1,0,4
339,2024-01-01,2024-01-07,0,0,0,4
340,2024-01-06,2024-01-07,0,0,0,3
340,2024-01-06,2024-01-07,0,0,0,3
341,2024-01-08,2024-01-09,0,1,1,1
342,2024-01-08,2024-01-12,1,1,1,6
342,2024-01-08,2024-01-12,1,1,1,6
342,2024-01-08,2024-01-15,1,1,1,6
343,2024-01-10,2024-01-17,0,0,0,3
344,2024-01-05,2024-01-08,1,0,1,5
345,2024-01-06,2024-01-08,1,0,0,3
345,2024-01-06,2024-01-09,1,0,0,3
346,2024-01-07,2024-01-13,1,1,0,6
346,2024-01-07,2024-01-14,1,1,0,6
347,2024-01-08,2024-01-14,1,0,0,3
348,2024-01-09,2024-01-14,0,0,0,1
348,2024-01-09,2024-01-16,0,0,0,1
349,2024-01-03,2024-01-06,0,0,1,3
349,2024-01-03,2024-01-07,0,0,1,3
349,2024-01-03,2024-01-09,0,0,1,3
350,2024-01-06,2024-01-09,1,1,1,6
350,2024-01-06,2024-01-13,1,1,1,6
351,2024-01-07,2024-01-11,1,1,0,5
352,2024-01-06,2024-01-11,1,1,0,3
353,2024-01-10,2024-01-11,0,1,1,3
353,2024-01-10,2024-01-11,0,1,1,3
354,2024-01-02,2024-01-07,0,0,0,4
354,2024-01-02,2024-01-09,0,0,0,4
355,2024-01-09,2024-01-11,0,1,0,4
355,2024-01-09,2024-01-16,0,1,0,4
356,2024-01-08,2024-01-10,0,0,1,4
356,2024-01-08,2024-01-14,0,0,1,4
357,2024-01-10,2024-01-13,0,1,1,2
357,2024-01-10,2024-01-13,0,1,1,2
357,2024-01-10,2024-01-15,0,1,1,2
358,2024-01-02,2024-01-09,0,1,1,4
359,2024-01-05,2024-01-07,0,1,0,4
359,2024-01-05,2024-01-10,0,1,0,4
360,2024-01-01,2024-01-05,1,0,1,6
360,2024-01-01,2024-01-05,1,0,1,6
361,2024-01-04,2024-01-09,0,1,0,2
362,2024-01-07,2024-01-08,1,0,1,4
362,2024-01-07,2024-01-11,1,0,1,4
363,2024-01-09,2024-01-14,0,0,1,3
364,2024-01-05,2024-01-09,1,1,0,7
364,2024-01-05,2024-01-10,1,1,0,7
364,2024-01-05,2024-01-12,1,1,0,7
365,2024-01-04,2024-01-06,0,0,1,2
365,2024-01-04,2024-01-08,0,0,1,2
366,2024-01-02,2024-01-03,1,0,0,5
367,2024-01-07,2024-01-11,1,1,1,6
367,2024-01-07,2024-01-12,1,1,1,6
368,2024-01-09,2024-01-14,0,0,1,1
369,2024-01-03,2024-01-04,1,0,0,6
369,2024-01-03,2024-01-05,1,0,0,6
369,2024-01-03,2024-01-08,1,0,0,6
370,2024-01-06,2024-01-07,0,1,0,2
371,2024-01-07,2024-01-11,1,1,1,5
371,2024-01-07,2024-01-11,1,1,1,5
371,2024-01-07,2024-01-14,1,1,1,5
372,2024-01-02,2024-01-05,0,1,1,4
373,2024-01-06,2024-01-07,1,1,1,2
374,2024-01-03,2024-01-05,1,1,0,6
374,2024-01-03,2024-01-06,1,1,0,6
374,2024-01-03,2024-01-08,1,1,0,6
375,2024-01-08,2024-01-10,1,1,1,5
375,2024-01-08,2024-01-15,1,1,1,5
376,2024-01-07,2024-01-10,1,1,1,6
377,2024-01-04,2024-01-06,1,0,1,6
377,2024-01-04,2024-01-08,1,0,1,6
377,2024-01-04,2024-01-10,1,0,1,6
378,2024-01-03,2024-01-04,1,0,0,6
378,2024-01-03,2024-01-08,1,0,0,6
378,2024-01-03,2024-01-08,1,0,0,6
379,2024-01-08,2024-01-11,1,1,0,6
379,2024-01-08,2024-01-14,1,1,0,6
379,2024-01-08,2024-01-14,1,1,0,6
380,2024-01-10,2024-01-15,1,0,1,5
380,2024-01-10,2024-01-16,1,0,1,5
380,2024-01-10,2024-01-16,1,0,1,5
381,2024-01-02,2024-01-04,1,0,0,3
382,2024-01-01,2024-01-06,0,1,0,4
382,2024-01-01,2024-01-07,0,1,0,4
383,2024-01-04,2024-01-10,0,1,0,3
384,2024-01-08,2024-01-09,1,1,1,5
384,2024-01-08,2024-01-11,1,1,1,5
385,2024-01-03,2024-01-06,0,1,0,4
385,2024-01-03,2024-01-08,0,1,0,4
385,2024-01-03,2024-01-09,0,1,0,4
386,2024-01-04,2024-01-05,1,1,0,4
387,2024-01-02,2024-01-05,1,1,0,5
387,2024-01-02,2024-01-08,1,1,0,5
387,2024-01-02,2024-01-09,1,1,0,5
388,2024-01-08,2024-01-12,0,1,0,3
389,2024-01-07,2024-01-11,1,0,0,4
389,2024-01-07,2024-01-12,1,0,0,4
389,2024-01-07,2024-01-13,1,0,0,4
390,2024-01-05,2024-01-06,1,1,0,6
390,2024-01-05,2024-01-09,1,1,0,6
390,2024-01-05,2024-01-09,1,1,0,6
391,2024-01-06,2024-01-10,0,0,1,3
391,2024-01-06,2024-01-11,0,0,1,3
392,2024-01-07,2024-01-13,1,1,0,7
393,2024-01-01,2024-01-03,1,1,1,3
393,2024-01-01,2024-01-04,1,1,1,3
394,2024-01-02,2024-01-04,1,1,0,6
394,2024-01-02,2024-01-05,1,1,0,6
394,2024-01-02,2024-01-06,1,1,0,6
395,2024-01-06,2024-01-07,0,0,1,3
395,2024-01-06,2024-01-08,0,0,1,3
396,2024-01-02,2024-01-04,1,1,1,7
396,2024-01-02,2024-01-05,1,1,1,7
396,2024-01-02,2024-01-07,1,1,1,7
397,2024-01-10,2024-01-15,0,1,1,1
398,2024-01-05,2024-01-11,0,1,1,4
399,2024-01-04,2024-01-11,1,0,1,3
400,2024-01-01,2024-01-06,1,1,0,6
401,2024-01-08,2024-01-09,0,0,0,4
401,2024-01-08,2024-01-10,0,0,0,4
401,2024-01-08,2024-01-14,0,0,0,4
402,2024-01-04,2024-01-07,0,1,1,2
402,2024-01-04,2024-01-09,0,1,1,2
403,2024-01-03,2024-01-05,1,1,0,6
404,2024-01-08,2024-01-14,0,1,1,2
405,2024-01-05,2024-01-06,1,1,1,5
406,2024-01-05,2024-01-10,1,0,1,7
406,2024-01-05,2024-01-11,1,0,1,7
407,2024-01-07,2024-01-10,0,0,1,1
407,2024-01-07,2024-01-14,0,0,1,1
408,2024-01-07,2024-01-09,0,1,0,1
408,2024-01-07,2024-01-11,0,1,0,1
408,2024-01-07,2024-01-13,0,1,0,1
409,2024-01-08,2024-01-11,1,1,0,7
409,2024-01-08,2024-01-14,1,1,0,7
410,2024-01-01,2024-01-02,1,0,1,4
410,2024-01-01,2024-01-05,1,0,1,4
411,2024-01-09,2024-01-11,1,0,0,2
411,2024-01-09,2024-01-14,1,0,0,2
411,2024-01-09,2024-01-14,1,0,0,2
412,2024-01-05,2024-01-10,0,0,1,2
412,2024-01-05,2024-01-12,0,0,1,2
413,2024-01-05,2024-01-07,1,1,0,5
413,2024-01-05,2024-01-11,1,1,0,5
414,2024-01-03,2024-01-06,1,0,1,2
414,2024-01-03,2024-01-09,1,0,1,2
415,2024-01-04,2024-01-06,0,0,0,4
415,2024-01-04,2024-01-08,0,0,0,4
415,2024-01-04,2024-01-11,0,0,0,4
416,2024-01-09,2024-01-14,0,1,0,3
416,2024-01-09,2024-01-15,0,1,0,3
417,2024-01-09,2024-01-15,1,1,1,4
417,2024-01-09,2024-01-16,1,1,1,4
418,2024-01-01,2024-01-04,1,0,1,4
419,2024-01-06,2024-01-09,0,0,1,4
419,2024-01-06,2024-01-10,0,0,1,4
419,2024-01-06,2024-01-13,0,0,1,4
420,2024-01-05,2024-01-10,1,1,0,4
421,2024-01-09,2024-01-14,1,1,1,2
422,2024-01-08,2024-01-10,0,0,0,4
422,2024-01-08,2024-01-11,0,0,0,4
422,2024-01-08,2024-01-13,0,0,0,4
423,2024-01-08,2024-01-09,0,0,1,2
423,2024-01-08,2024-01-10,0,0,1,2
423,2024-01-08,2024-01-14,0,0,1,2
424,2024-01-05,2024-01-06,0,1,0,2
424,2024-01-05,2024-01-08,0,1,0,2
424,2024-01-05,2024-01-12,0,1,0,2
425,2024-01-07,2024-01-10,1,0,0,7
425,2024-01-07,2024-01-12,1,0,0,7
426,2024-01-07,2024-01-09,0,1,1,1
427,2024-01-07,2024-01-09,0,1,0,3
428,2024-01-05,2024-01-08,0,0,1,4
429,2024-01-07,2024-01-11,0,0,1,3
429,2024-01-07,2024-01-11,0,0,1,3
429,2024-01-07,2024-01-13,0,0,1,3
430,2024-01-02,2024-01-06,1,0,1,2
430,2024-01-02,2024-01-08,1,0,1,2
430,2024-01-02,2024-01-09,1,0,1,2
431,2024-01-10,2024-01-15,1,0,1,3
432,2024-01-07,2024-01-11,1,0,0,5
433,2024-01-04,2024-01-06,0,1,0,2
434,2024-01-07,2024-01-09,1,0,0,3
434,2024-01-07,2024-01-13,1,0,0,3
435,2024-01-10,2024-01-11,1,0,0,5
435,2024-01-10,2024-01-12,1,0,0,5
435,2024-01-10,2024-01-13,1,0,0,5
436,2024-01-02,2024-01-03,0,1,0,1
436,2024-01-02,2024-01-04,0,1,0,1
436,2024-01-02,2024-01-05,0,1,0,1
437,2024-01-03,2024-01-06,0,1,1,2
437,2024-01-03,2024-01-07,0,1,1,2
437,2024-01-03,2024-01-08,0,1,1,2
438,2024-01-01,2024-01-02,1,1,1,3
438,2024-01-01,2024-01-05,1,1,1,3
439,2024-01-04,2024-01-06,0,1,1,4
439,2024-01-04,2024-01-11,0,1,1,4
440,2024-01-03,2024-01-07,0,1,0,2
440,2024-01-03,2024-01-07,0,1,0,2
440,2024-01-03,2024-01-08,0,1,0,2
441,2024-01-10,2024-01-13,1,0,1,6
441,2024-01-10,2024-01-13,1,0,1,6
442,2024-01-09,2024-01-12,0,1,0,1
442,2024-01-09,2024-01-15,0,1,0,1
443,2024-01-06,2024-01-10,1,0,1,3
444,2024-01-01,2024-01-02,0,0,1,2
444,2024-01-01,2024-01-02,0,0,1,2
444,2024-01-01,2024-01-03,0,0,1,2
445,2024-01-01,2024-01-03,1,1,1,3
445,2024-01-01,2024-01-07,1,1,1,3
446,2024-01-01,2024-01-06,0,0,0,3
446,2024-01-01,2024-01-07,0,0,0,3
446,2024-01-01,2024-01-07,0,0,0,3
447,2024-01-10,2024-01-11,0,1,0,3
447,2024-01-10,2024-01-12,0,1,0,3
448,2024-01-01,2024-01-04,1,0,0,7
449,2024-01-09,2024-01-13,0,1,0,4
450,2024-01-10,2024-01-14,1,1,0,4
451,2024-01-07,2024-01-08,0,0,1,3
451,2024-01-07,2024-01-09,0,0,1,3
451,2024-01-07,2024-01-11,0,0,1,3
452,2024-01-08,2024-01-09,1,0,1,3
452,2024-01-08,2024-01-15,1,0,1,3
453,2024-01-06,2024-01-11,1,1,1,5
453,2024-01-06,2024-01-11,1,1,1,5
453,2024-01-06,2024-01-11,1,1,1,5
454,2024-01-03,2024-01-06,0,0,1,2
454,2024-01-03,2024-01-07,0,0,1,2
455,2024-01-03,2024-01-07,0,0,1,2
455,2024-01-03,2024-01-08,0,0,1,2
455,2024-01-03,2024-01-10,0,0,1,2
456,2024-01-10,2024-01-12,1,1,1,2
456,2024-01-10,2024-01-13,1,1,1,2
456,2024-01-10,2024-01-14,1,1,1,2
457,2024-01-03,2024-01-05,0,1,1,3
457,2024-01-03,2024-01-06,0,1,1,3
458,2024-01-10,2024-01-14,1,1,1,2
458,2024-01-10,2024-01-14,1,1,1,2
458,2024-01-10,2024-01-15,1,1,1,2
459,2024-01-02,2024-01-04,0,0,0,4
459,2024-01-02,2024-01-04,0,0,0,4
459,2024-01-02,2024-01-07,0,0,0,4
460,2024-01-07,2024-01-10,1,1,0,7
460,2024-01-07,2024-01-10,1,1,0,7
460,2024-01-07,2024-01-14,1,1,0,7
461,2024-01-05,2024-01-09,1,1,1,5
461,2024-01-05,2024-01-10,1,1,1,5
462,2024-01-08,2024-01-12,0,0,1,1
462,2024-01-08,2024-01-15,0,0,1,1
462,2024-01-08,2024-01-15,0,0,1,1
463,2024-01-03,2024-01-06,1,0,0,2
463,2024-01-03,2024-01-09,1,0,0,2
464,2024-01-08,2024-01-10,1,0,0,3
464,2024-01-08,2024-01-14,1,0,0,3
465,2024-01-01,2024-01-03,0,0,1,1
466,2024-01-05,2024-01-11,0,0,1,3
467,2024-01-08,2024-01-09,0,1,0,3
467,2024-01-08,2024-01-15,0,1,0,3
468,2024-01-03,2024-01-05,1,1,1,3
468,2024-01-03,2024-01-07,1,1,1,3
468,2024-01-03,2024-01-10,1,1,1,3
469,2024-01-02,2024-01-03,0,0,1,3
469,2024-01-02,2024-01-06,0,0,1,3
469,2024-01-02,2024-01-08,0,0,1,3
470,2024-01-09,2024-01-12,0,1,1,3
470,2024-01-09,2024-01-13,0,1,1,3
471,2024-01-05,2024-01-08,1,0,0,5
472,2024-01-10,2024-01-12,0,1,1,1
473,2024-01-09,2024-01-14,1,0,0,4
473,2024-01-09,2024-01-16,1,0,0,4
474,2024-01-03,2024-01-04,0,0,1,2
474,2024-01-03,2024-01-08,0,0,1,2
475,2024-01-07,2024-01-08,0,0,0,4
475,2024-01-07,2024-01-13,0,0,0,4
476,2024-01-10,2024-01-17,0,0,0,2
477,2024-01-03,2024-01-06,1,1,0,7
477,2024-01-03,2024-01-06,1,1,0,7
478,2024-01-07,2024-01-09,1,0,0,2
478,2024-01-07,2024-01-11,1,0,0,2
478,2024-01-07,2024-01-13,1,0,0,2
479,2024-01-07,2024-01-08,0,1,0,1
479,2024-01-07,2024-01-11,0,1,0,1
479,2024-01-07,2024-01-12,0,1,0,1
480,2024-01-06,2024-01-12,1,1,1,4
481,2024-01-04,2024-01-11,1,0,1,3
482,2024-01-07,2024-01-11,1,1,1,3
483,2024-01-06,2024-01-10,0,0,1,4
483,2024-01-06,2024-01-11,0,0,1,4
483,2024-01-06,2024-01-11,0,0,1,4
484,2024-01-03,2024-01-09,1,0,0,3
484,2024-01-03,2024-01-10,1,0,0,3
485,2024-01-05,2024-01-06,0,0,0,1
485,2024-01-05,2024-01-10,0,0,0,1
485,2024-01-05,2024-01-10,0,0,0,1
486,2024-01-01,2024-01-05,0,0,0,4
487,2024-01-05,2024-01-06,0,1,0,4
488,2024-01-05,2024-01-06,0,0,0,2
489,2024-01-03,2024-01-08,0,0,1,2
489,2024-01-03,2024-01-09,0,0,1,2
490,2024-01-06,2024-01-07,0,1,0,3
490,2024-01-06,2024-01-13,0,1,0,3
491,2024-01-10,2024-01-12,0,1,1,4
491,2024-01-10,2024-01-16,0,1,1,4
492,2024-01-05,2024-01-12,1,1,1,3
493,2024-01-08,2024-01-09,0,0,1,4
493,2024-01-08,2024-01-09,0,0,1,4
493,2024-01-08,2024-01-10,0,0,1,4
494,2024-01-03,2024-01-05,0,1,1,4
494,2024-01-03,2024-01-07,0,1,1,4
495,2024-01-06,2024-01-08,1,0,0,3
495,2024-01-06,2024-01-12,1,0,0,3
496,2024-01-03,2024-01-05,1,0,0,2
497,2024-01-01,2024-01-05,1,1,0,7
497,2024-01-01,2024-01-07,1,1,0,7
497,2024-01-01,2024-01-07,1,1,0,7
498,2024-01-07,2024-01-10,1,0,0,5
498,2024-01-07,2024-01-11,1,0,0,5
498,2024-01-07,2024-01-14,1,0,0,5
499,2024-01-04,2024-01-07,0,0,1,2
499,2024-01-04,2024-01-07,0,0,1,2
500,2024-01-02,2024-01-06,0,1,1,4
501,2024-01-10,2024-01-16,1,1,0,6
501,2024-01-10,2024-01-16,1,1,0,6
502,2024-01-05,2024-01-12,0,0,0,2
503,2024-01-04,2024-01-09,0,0,0,2
504,2024-01-03,2024-01-05,0,0,1,2
505,2024-01-09,2024-01-13,1,0,0,6
505,2024-01-09,2024-01-13,1,0,0,6
506,2024-01-02,2024-01-04,0,1,0,1
506,2024-01-02,2024-01-05,0,1,0,1
506,2024-01-02,2024-01-08,0,1,0,1
507,2024-01-07,2024-01-13,1,0,1,5
508,2024-01-08,2024-01-11,0,0,0,4
508,2024-01-08,2024-01-12,0,0,0,4
508,2024-01-08,2024-01-12,0,0,0,4
509,2024-01-05,2024-01-09,1,1,0,2
509,2024-01-05,2024-01-12,1,1,0,2
510,2024-01-01,2024-01-04,0,0,1,2
510,2024-01-01,2024-01-06,0,0,1,2
511,2024-01-04,2024-01-07,0,1,0,3
511,2024-01-04,2024-01-11,0,1,0,3
512,2024-01-03,2024-01-04,0,0,0,2
513,2024-01-06,2024-01-08,0,0,0,2
513,2024-01-06,2024-01-12,0,0,0,2
514,2024-01-05,2024-01-09,1,0,1,7
515,2024-01-05,2024-01-07,0,0,0,2
515,2024-01-05,2024-01-09,0,0,0,2
515,2024-01-05,2024-01-11,0,0,0,2
516,2024-01-08,2024-01-13,0,0,0,1
517,2024-01-03,2024-01-04,1,1,1,6
517,2024-01-03,2024-01-07,1,1,1,6
517,2024-01-03,2024-01-09,1,1,1,6
518,2024-01-06,2024-01-08,0,1,0,4
519,2024-01-08,2024-01-10,0,1,0,1
519,2024-01-08,2024-01-10,0,1,0,1
519,2024-01-08,2024-01-10,0,1,0,1
520,2024-01-08,2024-01-09,1,0,1,2
520,2024-01-08,2024-01-15,1,0,1,2
521,2024-01-06,2024-01-09,1,0,1,7
521,2024-01-06,2024-01-09,1,0,1,7
522,2024-01-10,2024-01-17,1,0,1,4
523,2024-01-09,2024-01-10,0,1,1,4
523,2024-01-09,2024-01-11,0,1,1,4
523,2024-01-09,2024-01-12,0,1,1,4
524,2024-01-02,2024-01-04,0,1,0,1
524,2024-01-02,2024-01-05,0,1,0,1
524,2024-01-02,2024-01-09,0,1,0,1
525,2024-01-05,2024-01-07,1,1,0,5
525,2024-01-05,2024-01-08,1,1,0,5
525,2024-01-05,2024-01-12,1,1,0,5
526,2024-01-08,2024-01-09,1,1,0,6
526,2024-01-08,2024-01-14,1,1,0,6
526,2024-01-08,2024-01-15,1,1,0,6
527,2024-01-03,2024-01-07,0,1,0,3
528,2024-01-09,2024-01-11,0,0,1,1
528,2024-01-09,2024-01-14,0,0,1,1
528,2024-01-09,2024-01-15,0,0,1,1
529,2024-01-07,2024-01-13,0,1,0,2
530,2024-01-05,2024-01-12,0,0,0,1
531,2024-01-03,2024-01-06,1,1,0,3
531,2024-01-03,2024-01-06,1,1,0,3
532,2024-01-01,2024-01-04,1,1,1,7
533,2024-01-03,2024-01-07,0,1,0,3
533,2024-01-03,2024-01-10,0,1,0,3
534,2024-01-04,2024-01-07,1,0,0,4
534,2024-01-04,2024-01-11,1,0,0,4
535,2024-01-07,2024-01-08,1,1,0,4
535,2024-01-07,2024-01-13,1,1,0,4
535,2024-01-07,2024-01-14,1,1,0,4
536,2024-01-10,2024-01-14,1,1,0,6
536,2024-01-10,2024-01-16,1,1,0,6
536,2024-01-10,2024-01-16,1,1,0,6
537,2024-01-03,2024-01-09,0,0,1,4
538,2024-01-02,2024-01-03,0,0,1,2
538,2024-01-02,2024-01-06,0,0,1,2
539,2024-01-06,2024-01-08,1,1,0,3
539,2024-01-06,2024-01-10,1,1,0,3
539,2024-01-06,2024-01-11,1,1,0,3
540,2024-01-03,2024-01-09,0,0,0,2
540,2024-01-03,2024-01-10,0,0,0,2
541,2024-01-10,2024-01-15,0,0,1,2
541,2024-01-10,2024-01-15,0,0,1,2
542,2024-01-06,2024-01-07,1,0,0,7
542,2024-01-06,2024-01-13,1,0,0,7
543,2024-01-04,2024-01-08,0,0,1,1
543,2024-01-04,2024-01-08,0,0,1,1
544,2024-01-05,2024-01-06,1,1,0,2
544,2024-01-05,2024-01-06,1,1,0,2
544,2024-01-05,2024-01-09,1,1,0,2
545,2024-01-10,2024-01-16,1,0,1,2
546,2024-01-10,2024-01-15,0,0,1,3
547,2024-01-03,2024-01-05,0,0,0,2
547,2024-01-03,2024-01-10,0,0,0,2
547,2024-01-03,2024-01-10,0,0,0,2
548,2024-01-10,2024-01-12,0,0,1,2
548,2024-01-10,2024-01-16,0,0,1,2
549,2024-01-05,2024-01-07,1,0,1,4
549,2024-01-05,2024-01-10,1,0,1,4
549,2024-01-05,2024-01-11,1,0,1,4
550,2024-01-05,2024-01-06,1,1,0,6
550,2024-01-05,2024-01-07,1,1,0,6
551,2024-01-05,2024-01-07,0,1,1,4
551,2024-01-05,2024-01-08,0,1,1,4
551,2024-01-05,2024-01-09,0,1,1,4
552,2024-01-01,2024-01-04,0,0,1,1
552,2024-01-01,2024-01-06,0,0,1,1
553,2024-01-09,2024-01-10,0,0,1,2
553,2024-01-09,2024-01-14,0,0,1,2
554,2024-01-08,2024-01-11,0,1,1,1
554,2024-01-08,2024-01-12,0,1,1,1
554,2024-01-08,2024-01-15,0,1,1,1
555,2024-01-08,2024-01-11,0,1,1,2
555,2024-01-08,2024-01-11,0,1,1,2
555,2024-01-08,2024-01-14,0,1,1,2
556,2024-01-10,2024-01-17,1,0,0,7
557,2024-01-02,2024-01-05,1,1,0,4
557,2024-01-02,2024-01-08,1,1,0,4
557,2024-01-02,2024-01-08,1,1,0,4
558,2024-01-10,2024-01-12,1,1,0,5
559,2024-01-10,2024-01-14,1,1,0,3
559,2024-01-10,2024-01-15,1,1,0,3
559,2024-01-10,2024-01-16,1,1,0,3
560,2024-01-05,2024-01-08,0,1,1,2
561,2024-01-07,2024-01-11,1,0,0,2
561,2024-01-07,2024-01-14,1,0,0,2
562,2024-01-04,2024-01-05,1,0,0,5
562,2024-01-04,2024-01-06,1,0,0,5
562,2024-01-04,2024-01-09,1,0,0,5
563,2024-01-09,2024-01-10,1,0,0,3
563,2024-01-09,2024-01-12,1,0,0,3
564,2024-01-01,2024-01-05,1,0,0,2
564,2024-01-01,2024-01-06,1,0,0,2
565,2024-01-09,2024-01-12,0,0,1,4
565,2024-01-09,2024-01-16,0,0,1,4
566,2024-01-08,2024-01-10,1,1,0,2
566,2024-01-08,2024-01-12,1,1,0,2
566,2024-01-08,2024-01-15,1,1,0,2
567,2024-01-01,2024-01-02,1,0,1,2
567,2024-01-01,2024-01-08,1,0,1,2
568,2024-01-09,2024-01-10,1,0,1,6
568,2024-01-09,2024-01-10,1,0,1,6
569,2024-01-07,2024-01-08,0,0,0,4
569,2024-01-07,2024-01-14,0,0,0,4
570,2024-01-07,2024-01-10,0,1,0,3
570,2024-01-07,2024-01-13,0,1,0,3
570,2024-01-07,2024-01-14,0,1,0,3
571,2024-01-07,2024-01-08,0,1,0,4
571,2024-01-07,2024-01-13,0,1,0,4
572,2024-01-07,2024-01-10,1,1,0,2
573,2024-01-02,2024-01-07,1,1,1,4
573,2024-01-02,2024-01-07,1,1,1,4
573,2024-01-02,2024-01-07,1,1,1,4
574,2024-01-07,2024-01-13,0,0,1,2
574,2024-01-07,2024-01-13,0,0,1,2
575,2024-01-10,2024-01-16,0,0,0,2
576,2024-01-06,2024-01-09,1,1,0,6
577,2024-01-06,2024-01-10,0,1,1,1
577,2024-01-06,2024-01-12,0,1,1,1
578,2024-01-03,2024-01-06,0,0,0,1
578,2024-01-03,2024-01-07,0,0,0,1
578,2024-01-03,2024-01-07,0,0,0,1
579,2024-01-03,2024-01-08,0,0,0,4
580,2024-01-03,2024-01-06,0,1,1,2
580,2024-01-03,2024-01-08,0,1,1,2
581,2024-01-02,2024-01-06,0,1,1,4
582,2024-01-06,2024-01-07,1,0,1,4
582,2024-01-06,2024-01-09,1,0,1,4
583,2024-01-04,2024-01-10,0,1,1,1
584,2024-01-09,2024-01-10,1,0,0,5
585,2024-01-06,2024-01-09,0,0,1,2
585,2024-01-06,2024-01-11,0,0,1,2
586,2024-01-07,2024-01-08,0,0,1,3
586,2024-01-07,2024-01-11,0,0,1,3
586,2024-01-07,2024-01-12,0,0,1,3
587,2024-01-10,2024-01-14,0,1,0,3
588,2024-01-08,2024-01-10,1,0,1,4
589,2024-01-06,2024-01-10,1,1,0,6
589,2024-01-06,2024-01-13,1,1,0,6
590,2024-01-06,2024-01-11,0,0,0,4
590,2024-01-06,2024-01-12,0,0,0,4
590,2024-01-06,2024-01-13,0,0,0,4
591,2024-01-03,2024-01-04,0,1,0,4
591,2024-01-03,2024-01-05,0,1,0,4
591,2024-01-03,2024-01-10,0,1,0,4
592,2024-01-04,2024-01-05,0,1,0,1
593,2024-01-09,2024-01-10,1,1,0,4
593,2024-01-09,2024-01-11,1,1,0,4
593,2024-01-09,2024-01-13,1,1,0,4
594,2024-01-08,2024-01-13,0,0,0,4
594,2024-01-08,2024-01-13,0,0,0,4
594,2024-01-08,2024-01-15,0,0,0,4
595,2024-01-04,2024-01-05,0,0,0,4
595,2024-01-04,2024-01-05,0,0,0,4
596,2024-01-03,2024-01-04,0,1,0,1
596,2024-01-03,2024-01-09,0,1,0,1
597,2024-01-03,2024-01-04,0,0,0,2
597,2024-01-03,2024-01-09,0,0,0,2
598,2024-01-10,2024-01-12,1,0,0,3
599,2024-01-03,2024-01-04,1,0,0,7
599,2024-01-03,2024-01-04,1,0,0,7
600,2024-01-04,2024-01-06,0,0,0,2
600,2024-01-04,2024-01-07,0,0,0,2
601,2024-01-04,2024-01-05,1,1,1,4
602,2024-01-10,2024-01-12,0,1,1,4
603,2024-01-07,2024-01-08,0,0,1,3
603,2024-01-07,2024-01-09,0,0,1,3
603,2024-01-07,2024-01-14,0,0,1,3
604,2024-01-05,2024-01-06,1,0,1,6
605,2024-01-02,2024-01-04,1,0,1,5
605,2024-01-02,2024-01-05,1,0,1,5
606,2024-01-02,2024-01-06,1,1,1,6
607,2024-01-05,2024-01-08,1,1,0,6
608,2024-01-07,2024-01-10,0,0,1,1
608,2024-01-07,2024-01-12,0,0,1,1
609,2024-01-02,2024-01-03,0,1,0,2
609,2024-01-02,2024-01-05,0,1,0,2
610,2024-01-09,2024-01-10,0,0,0,2
610,2024-01-09,2024-01-13,0,0,0,2
610,2024-01-09,2024-01-14,0,0,0,2
611,2024-01-10,2024-01-13,0,0,0,1
611,2024-01-10,2024-01-17,0,0,0,1
612,2024-01-03,2024-01-04,0,1,1,4
613,2024-01-09,2024-01-11,0,0,0,2
613,2024-01-09,2024-01-15,0,0,0,2
613,2024-01-09,2024-01-16,0,0,0,2
614,2024-01-02,2024-01-09,1,1,0,5
615,2024-01-10,2024-01-11,1,0,0,3
615,2024-01-10,2024-01-13,1,0,0,3
615,2024-01-10,2024-01-15,1,0,0,3
616,2024-01-03,2024-01-07,1,0,0,7
617,2024-01-03,2024-01-06,0,1,0,2
617,2024-01-03,2024-01-07,0,1,0,2
617,2024-01-03,2024-01-10,0,1,0,2
618,2024-01-06,2024-01-08,1,1,0,4
619,2024-01-04,2024-01-09,1,0,0,2
619,2024-01-04,2024-01-09,1,0,0,2
619,2024-01-04,2024-01-11,1,0,0,2
620,2024-01-09,2024-01-11,0,1,0,1
620,2024-01-09,2024-01-11,0,1,0,1
620,2024-01-09,2024-01-14,0,1,0,1
621,2024-01-03,2024-01-04,1,1,0,7
621,2024-01-03,2024-01-08,1,1,0,7
622,2024-01-07,2024-01-10,0,1,1,4
623,2024-01-03,2024-01-07,0,0,1,1
623,2024-01-03,2024-01-09,0,0,1,1
623,2024-01-03,2024-01-10,0,0,1,1
624,2024-01-03,2024-01-06,1,0,0,6
624,2024-01-03,2024-01-06,1,0,0,6
625,2024-01-04,2024-01-05,1,1,1,5
625,2024-01-04,2024-01-08,1,1,1,5
625,2024-01-04,2024-01-11,1,1,1,5
626,2024-01-07,2024-01-11,1,0,0,7
626,2024-01-07,2024-01-12,1,0,0,7
626,2024-01-07,2024-01-13,1,0,0,7
627,2024-01-05,2024-01-07,0,1,0,3
627,2024-01-05,2024-01-09,0,1,0,3
628,2024-01-09,2024-01-15,1,0,0,7
629,2024-01-04,2024-01-05,1,1,0,4
629,2024-01-04,2024-01-07,1,1,0,4
629,2024-01-04,2024-01-10,1,1,0,4
630,2024-01-05,2024-01-11,0,0,0,2
631,2024-01-09,2024-01-11,1,0,1,2
631,2024-01-09,2024-01-11,1,0,1,2
631,2024-01-09,2024-01-16,1,0,1,2
632,2024-01-09,2024-01-12,1,1,1,6
632,2024-01-09,2024-01-13,1,1,1,6
632,2024-01-09,2024-01-16,1,1,1,6
633,2024-01-10,2024-01-13,1,0,1,6
633,2024-01-10,2024-01-15,1,0,1,6
633,2024-01-10,2024-01-17,1,0,1,6
634,2024-01-05,2024-01-11,0,0,1,2
635,2024-01-03,2024-01-04,1,0,0,5
636,2024-01-02,2024-01-08,1,1,1,6
637,2024-01-09,2024-01-11,1,0,1,3
637,2024-01-09,2024-01-12,1,0,1,3
637,2024-01-09,2024-01-14,1,0,1,3
638,2024-01-01,2024-01-05,1,0,1,6
638,2024-01-01,2024-01-08,1,0,1,6
639,2024-01-06,2024-01-11,1,1,0,7
639,2024-01-06,2024-01-12,1,1,0,7
640,2024-01-02,2024-01-03,0,0,0,4
640,2024-01-02,2024-01-04,0,0,0,4
640,2024-01-02,2024-01-07,0,0,0,4
641,2024-01-10,2024-01-14,1,0,1,6
641,2024-01-10,2024-01-15,1,0,1,6
642,2024-01-09,2024-01-14,1,1,0,3
642,2024-01-09,2024-01-15,1,1,0,3
643,2024-01-01,2024-01-06,0,0,0,1
644,2024-01-02,2024-01-05,1,0,1,6
645,2024-01-08,2024-01-12,0,0,0,3
646,2024-01-10,2024-01-13,0,1,0,1
646,2024-01-10,2024-01-16,0,1,0,1
647,2024-01-05,2024-01-07,0,1,1,1
647,2024-01-05,2024-01-08,0,1,1,1
648,2024-01-02,2024-01-03,0,0,1,3
648,2024-01-02,2024-01-05,0,0,1,3
648,2024-01-02,2024-01-08,0,0,1,3
649,2024-01-01,2024-01-02,0,0,0,3
649,2024-01-01,2024-01-03,0,0,0,3
649,2024-01-01,2024-01-05,0,0,0,3
650,2024-01-09,2024-01-10,0,1,0,3
650,2024-01-09,2024-01-12,0,1,0,3
651,2024-01-06,2024-01-07,1,1,0,3
651,2024-01-06,2024-01-12,1,1,0,3
651,2024-01-06,2024-01-13,1,1,0,3
652,2024-01-02,2024-01-06,0,1,0,3
652,2024-01-02,2024-01-09,0,1,0,3
653,2024-01-08,2024-01-14,0,1,0,3
653,2024-01-08,2024-01-15,0,1,0,3
654,2024-01-06,2024-01-10,1,1,1,2
655,2024-01-04,2024-01-06,0,1,0,2
655,2024-01-04,2024-01-07,0,1,0,2
655,2024-01-04,2024-01-10,0,1,0,2
656,2024-01-05,2024-01-08,0,1,1,1
657,2024-01-05,2024-01-06,0,1,0,2
657,2024-01-05,2024-01-11,0,1,0,2
658,2024-01-04,2024-01-05,1,0,0,5
659,2024-01-07,2024-01-09,1,1,1,4
659,2024-01-07,2024-01-14,1,1,1,4
659,2024-01-07,2024-01-14,1,1,1,4
660,2024-01-04,2024-01-07,0,0,0,3
660,2024-01-04,2024-01-10,0,0,0,3
660,2024-01-04,2024-01-10,0,0,0,3
661,2024-01-04,2024-01-09,1,1,1,6
662,2024-01-10,2024-01-12,1,1,0,2
662,2024-01-10,2024-01-17,1,1,0,2
663,2024-01-09,2024-01-11,1,0,0,6
663,2024-01-09,2024-01-13,1,0,0,6
663,2024-01-09,2024-01-15,1,0,0,6
664,2024-01-05,2024-01-08,1,1,0,2
664,2024-01-05,2024-01-11,1,1,0,2
664,2024-01-05,2024-01-12,1,1,0,2
665,2024-01-09,2024-01-10,0,1,1,2
665,2024-01-09,2024-01-16,0,1,1,2
666,2024-01-09,2024-01-11,1,1,0,7
666,2024-01-09,2024-01-16,1,1,0,7
667,2024-01-01,2024-01-02,0,0,0,3
667,2024-01-01,2024-01-04,0,0,0,3
667,2024-01-01,2024-01-05,0,0,0,3
668,2024-01-08,2024-01-09,1,1,0,7
668,2024-01-08,2024-01-09,1,1,0,7
668,2024-01-08,2024-01-10,1,1,0,7
669,2024-01-07,2024-01-10,1,1,1,3
669,2024-01-07,2024-01-12,1,1,1,3
670,2024-01-04,2024-01-10,1,1,1,6
670,2024-01-04,2024-01-11,1,1,1,6
671,2024-01-10,2024-01-11,1,1,1,6
671,2024-01-10,2024-01-17,1,1,1,6
672,2024-01-07,2024-01-14,0,1,0,3
673,2024-01-05,2024-01-10,1,0,1,7
674,2024-01-03,2024-01-06,1,0,1,2
675,2024-01-05,2024-01-08,1,1,1,4
675,2024-01-05,2024-01-08,1,1,1,4
675,2024-01-05,2024-01-12,1,1,1,4
676,2024-01-03,2024-01-04,0,0,0,1
676,2024-01-03,2024-01-07,0,0,0,1
677,2024-01-08,2024-01-13,1,1,0,2
677,2024-01-08,2024-01-14,1,1,0,2
678,2024-01-09,2024-01-15,1,1,1,6
678,2024-01-09,2024-01-16,1,1,1,6
679,2024-01-07,2024-01-10,1,1,1,7
680,2024-01-10,2024-01-16,1,1,1,2
681,2024-01-10,2024-01-11,0,0,0,4
681,2024-01-10,2024-01-13,0,0,0,4
681,2024-01-10,2024-01-13,0,0,0,4
682,2024-01-09,2024-01-10,1,0,1,3
682,2024-01-09,2024-01-14,1,0,1,3
682,2024-01-09,2024-01-16,1,0,1,3
683,2024-01-04,2024-01-05,0,0,0,1
683,2024-01-04,2024-01-06,0,0,0,1
684,2024-01-09,2024-01-16,1,1,0,2
685,2024-01-10,2024-01-11,1,1,1,2
685,2024-01-10,2024-01-14,1,1,1,2
686,2024-01-04,2024-01-07,1,0,0,3
687,2024-01-01,2024-01-04,1,1,0,5
687,2024-01-01,2024-01-04,1,1,0,5
687,2024-01-01,2024-01-06,1,1,0,5
688,2024-01-01,2024-01-02,0,0,0,2
688,2024-01-01,2024-01-06,0,0,0,2
689,2024-01-09,2024-01-15,1,0,0,7
690,2024-01-05,2024-01-09,1,0,0,4
691,2024-01-02,2024-01-04,0,0,1,2
692,2024-01-08,2024-01-09,1,0,0,7
692,2024-01-08,2024-01-15,1,0,0,7
693,2024-01-06,2024-01-09,1,1,1,6
694,2024-01-03,2024-01-04,1,1,1,5
694,2024-01-03,2024-01-05,1,1,1,5
694,2024-01-03,2024-01-09,1,1,1,5
695,2024-01-03,2024-01-05,1,1,1,2
695,2024-01-03,2024-01-09,1,1,1,2
696,2024-01-10,2024-01-11,0,1,1,1
696,2024-01-10,2024-01-12,0,1,1,1
696,2024-01-10,2024-01-15,0,1,1,1
697,2024-01-04,2024-01-08,0,1,0,1
697,2024-01-04,2024-01-11,0,1,0,1
697,2024-01-04,2024-01-11,0,1,0,1
698,2024-01-03,2024-01-09,1,0,0,7
699,2024-01-03,2024-01-04,0,1,1,1
699,2024-01-03,2024-01-04,0,1,1,1
699,2024-01-03,2024-01-08,0,1,1,1
700,2024-01-02,2024-01-08,0,0,0,2
701,2024-01-10,2024-01-17,1,0,0,4
702,2024-01-02,2024-01-06,0,1,1,1
703,2024-01-09,2024-01-13,1,1,0,7
703,2024-01-09,2024-01-15,1,1,0,7
704,2024-01-06,2024-01-09,0,1,1,2
704,2024-01-06,2024-01-10,0,1,1,2
705,2024-01-02,2024-01-03,0,1,1,3
705,2024-01-02,2024-01-03,0,1,1,3
705,2024-01-02,2024-01-07,0,1,1,3
706,2024-01-05,2024-01-07,0,0,1,4
706,2024-01-05,2024-01-07,0,0,1,4
706,2024-01-05,2024-01-11,0,0,1,4
707,2024-01-06,2024-01-07,0,0,1,1
708,2024-01-03,2024-01-04,1,1,0,3
708,2024-01-03,2024-01-06,1,1,0,3
708,2024-01-03,2024-01-09,1,1,0,3
709,2024-01-10,2024-01-11,0,1,0,4
709,2024-01-10,2024-01-12,0,1,0,4
710,2024-01-04,2024-01-05,0,1,1,3
710,2024-01-04,2024-01-08,0,1,1,3
710,2024-01-04,2024-01-09,0,1,1,3
711,2024-01-06,2024-01-07,1,1,0,4
711,2024-01-06,2024-01-08,1,1,0,4
711,2024-01-06,2024-01-10,1,1,0,4
712,2024-01-01,2024-01-02,0,1,0,4
712,2024-01-01,2024-01-06,0,1,0,4
713,2024-01-04,2024-01-09,1,1,1,2
714,2024-01-10,2024-01-14,0,1,1,2
714,2024-01-10,2024-01-16,0,1,1,2
715,2024-01-04,2024-01-07,1,1,1,6
715,2024-01-04,2024-01-07,1,1,1,6
716,2024-01-03,2024-01-04,1,1,0,3
716,2024-01-03,2024-01-06,1,1,0,3
717,2024-01-03,2024-01-06,0,0,0,2
717,2024-01-03,2024-01-06,0,0,0,2
718,2024-01-04,2024-01-09,1,0,1,4
719,2024-01-05,2024-01-07,1,1,1,6
719,2024-01-05,2024-01-08,1,1,1,6
719,2024-01-05,2024-01-08,1,1,1,6
720,2024-01-09,2024-01-11,0,0,1,1
721,2024-01-09,2024-01-15,0,0,1,3
722,2024-01-08,2024-01-09,1,0,0,4
722,2024-01-08,2024-01-12,1,0,0,4
722,2024-01-08,2024-01-15,1,0,0,4
723,2024-01-03,2024-01-04,1,1,1,5
723,2024-01-03,2024-01-06,1,1,1,5
723,2024-01-03,2024-01-09,1,1,1,5
724,2024-01-01,2024-01-05,1,0,1,6
725,2024-01-06,2024-01-09,1,1,0,5
725,2024-01-06,2024-01-12,1,1,0,5
726,2024-01-07,2024-01-09,0,1,0,2
726,2024-01-07,2024-01-10,0,1,0,2
726,2024-01-07,2024-01-12,0,1,0,2
727,2024-01-04,2024-01-06,1,0,1,4
727,2024-01-04,2024-01-07,1,0,1,4
727,2024-01-04,2024-01-08,1,0,1,4
728,2024-01-01,2024-01-06,0,0,1,4
728,2024-01-01,2024-01-06,0,0,1,4
729,2024-01-10,2024-01-11,0,1,0,4
729,2024-01-10,2024-01-11,0,1,0,4
729,2024-01-10,2024-01-14,0,1,0,4
730,2024-01-01,2024-01-06,0,0,1,1
730,2024-01-01,2024-01-07,0,0,1,1
731,2024-01-08,2024-01-09,1,1,0,2
732,2024-01-08,2024-01-09,0,0,0,4
732,2024-01-08,2024-01-10,0,0,0,4
733,2024-01-09,2024-01-12,1,0,0,7
733,2024-01-09,2024-01-15,1,0,0,7
733,2024-01-09,2024-01-16,1,0,0,7
734,2024-01-08,2024-01-13,0,0,0,4
734,2024-01-08,2024-01-15,0,0,0,4
735,2024-01-09,2024-01-11,0,0,0,2
736,2024-01-04,2024-01-06,0,0,1,1
736,2024-01-04,2024-01-10,0,0,1,1
737,2024-01-09,2024-01-13,0,0,0,2
737,2024-01-09,2024-01-14,0,0,0,2
737,2024-01-09,2024-01-14,0,0,0,2
738,2024-01-10,2024-01-12,1,1,0,2
738,2024-01-10,2024-01-17,1,1,0,2
739,2024-01-03,2024-01-05,0,0,0,1
740,2024-01-01,2024-01-03,0,1,0,2
740,2024-01-01,2024-01-08,0,1,0,2
741,2024-01-03,2024-01-06,1,0,1,4
741,2024-01-03,2024-01-09,1,0,1,4
741,2024-01-03,2024-01-10,1,0,1,4
742,2024-01-06,2024-01-07,1,0,1,4
742,2024-01-06,2024-01-10,1,0,1,4
742,2024-01-06,2024-01-13,1,0,1,4
743,2024-01-10,2024-01-11,0,1,0,3
743,2024-01-10,2024-01-15,0,1,0,3
743,2024-01-10,2024-01-15,0,1,0,3
744,2024-01-02,2024-01-09,1,1,1,7
745,2024-01-09,2024-01-13,0,0,0,2
746,2024-01-03,2024-01-04,1,0,1,6
747,2024-01-07,2024-01-11,0,1,0,3
748,2024-01-04,2024-01-07,1,1,1,3
748,2024-01-04,2024-01-10,1,1,1,3
749,2024-01-08,2024-01-14,1,0,1,5
749,2024-01-08,2024-01-14,1,0,1,5
750,2024-01-09,2024-01-12,1,1,0,3
750,2024-01-09,2024-01-14,1,1,0,3
751,2024-01-09,2024-01-10,1,1,0,3
751,2024-01-09,2024-01-10,1,1,0,3
751,2024-01-09,2024-01-13,1,1,0,3
752,2024-01-09,2024-01-11,1,0,0,7
752,2024-01-09,2024-01-13,1,0,0,7
753,2024-01-03,2024-01-05,0,1,0,1
753,2024-01-03,2024-01-06,0,1,0,1
753,2024-01-03,2024-01-07,0,1,0,1
754,2024-01-01,2024-01-04,0,1,1,3
754,2024-01-01,2024-01-06,0,1,1,3
755,2024-01-09,2024-01-11,0,0,1,2
755,2024-01-09,2024-01-12,0,0,1,2
755,2024-01-09,2024-01-15,0,0,1,2
756,2024-01-03,2024-01-04,1,0,1,5
757,2024-01-08,2024-01-10,0,0,1,3
757,2024-01-08,2024-01-12,0,0,1,3
757,2024-01-08,2024-01-15,0,0,1,3
758,2024-01-04,2024-01-08,1,0,0,4
758,2024-01-04,2024-01-11,1,0,0,4
759,2024-01-07,2024-01-13,1,0,0,3
760,2024-01-09,2024-01-10,0,1,1,2
760,2024-01-09,2024-01-12,0,1,1,2
760,2024-01-09,2024-01-16,0,1,1,2
761,2024-01-03,2024-01-08,1,1,0,6
762,2024-01-10,2024-01-11,1,1,0,5
763,2024-01-09,2024-01-14,1,0,0,7
763,2024-01-09,2024-01-15,1,0,0,7
764,2024-01-10,2024-01-16,0,1,1,4
765,2024-01-06,2024-01-08,1,1,0,5
766,2024-01-07,2024-01-12,0,0,1,4
766,2024-01-07,2024-01-12,0,0,1,4
767,2024-01-07,2024-01-13,1,0,1,2
768,2024-01-08,2024-01-12,0,0,0,2
768,2024-01-08,2024-01-14,0,0,0,2
768,2024-01-08,2024-01-15,0,0,0,2
769,2024-01-08,2024-01-11,1,0,0,4
769,2024-01-08,2024-01-13,1,0,0,4
769,2024-01-08,2024-01-14,1,0,0,4
770,2024-01-03,2024-01-05,1,1,1,5
770,2024-01-03,2024-01-06,1,1,1,5
770,2024-01-03,2024-01-08,1,1,1,5
771,2024-01-04,2024-01-06,1,1,0,2
771,2024-01-04,2024-01-06,1,1,0,2
771,2024-01-04,2024-01-11,1,1,0,2
772,2024-01-10,2024-01-12,1,1,1,6
772,2024-01-10,2024-01-17,1,1,1,6
773,2024-01-06,2024-01-07,0,1,0,2
774,2024-01-06,2024-01-07,1,1,0,3
774,2024-01-06,2024-01-08,1,1,0,3
774,2024-01-06,2024-01-09,1,1,0,3
775,2024-01-03,2024-01-07,1,1,0,2
776,2024-01-08,2024-01-11,1,1,1,6
776,2024-01-08,2024-01-15,1,1,1,6
777,2024-01-08,2024-01-11,1,1,0,3
777,2024-01-08,2024-01-11,1,1,0,3
777,2024-01-08,2024-01-12,1,1,0,3
778,2024-01-06,2024-01-09,1,1,1,7
778,2024-01-06,2024-01-09,1,1,1,7
778,2024-01-06,2024-01-10,1,1,1,7
779,2024-01-05,2024-01-06,0,1,0,1
779,2024-01-05,2024-01-07,0,1,0,1
779,2024-01-05,2024-01-08,0,1,0,1
780,2024-01-05,2024-01-06,0,1,1,1
780,2024-01-05,2024-01-11,0,1,1,1
781,2024-01-06,2024-01-09,0,0,0,2
782,2024-01-09,2024-01-10,0,1,1,3
782,2024-01-09,2024-01-12,0,1,1,3
782,2024-01-09,2024-01-15,0,1,1,3
783,2024-01-03,2024-01-08,0,0,0,1
784,2024-01-10,2024-01-12,1,0,0,3
784,2024-01-10,2024-01-16,1,0,0,3
785,2024-01-02,2024-01-03,1,0,1,7
785,2024-01-02,2024-01-07,1,0,1,7
786,2024-01-08,2024-01-09,1,1,1,2
786,2024-01-08,2024-01-14,1,1,1,2
786,2024-01-08,2024-01-15,1,1,1,2
787,2024-01-10,2024-01-13,1,1,0,2
788,2024-01-08,2024-01-10,0,0,0,4
789,2024-01-06,2024-01-11,1,1,1,3
789,2024-01-06,2024-01-13,1,1,1,3
790,2024-01-07,2024-01-08,0,0,0,2
790,2024-01-07,2024-01-08,0,0,0,2
790,2024-01-07,2024-01-12,0,0,0,2
791,2024-01-05,2024-01-12,0,1,0,1
791,2024-01-05,2024-01-12,0,1,0,1
792,2024-01-08,2024-01-10,1,0,0,5
793,2024-01-03,2024-01-06,1,0,1,6
793,2024-01-03,2024-01-10,1,0,1,6
794,2024-01-03,2024-01-07,1,1,0,2
794,2024-01-03,2024-01-08,1,1,0,2
794,2024-01-03,2024-01-10,1,1,0,2
795,2024-01-07,2024-01-09,0,0,1,1
795,2024-01-07,2024-01-12,0,0,1,1
795,2024-01-07,2024-01-13,0,0,1,1
796,2024-01-08,2024-01-10,1,1,0,4
796,2024-01-08,2024-01-13,1,1,0,4
796,2024-01-08,2024-01-14,1,1,0,4
797,2024-01-05,2024-01-07,1,1,0,2
797,2024-01-05,2024-01-10,1,1,0,2
797,2024-01-05,2024-01-11,1,1,0,2
798,2024-01-03,2024-01-06,0,0,1,4
798,2024-01-03,2024-01-06,0,0,1,4
798,2024-01-03,2024-01-10,0,0,1,4
799,2024-01-04,2024-01-06,0,1,0,4
799,2024-01-04,2024-01-09,0,1,0,4
800,2024-01-08,2024-01-10,0,1,0,3
800,2024-01-08,2024-01-11,0,1,0,3
800,2024-01-08,2024-01-15,0,1,0,3
801,2024-01-08,2024-01-11,0,1,1,3
801,2024-01-08,2024-01-11,0,1,1,3
802,2024-01-03,2024-01-07,1,0,1,5
802,2024-01-03,2024-01-08,1,0,1,5
803,2024-01-10,2024-01-13,1,1,0,6
804,2024-01-04,2024-01-05,1,0,0,2
804,2024-01-04,2024-01-05,1,0,0,2
805,2024-01-01,2024-01-04,1,1,1,2
806,2024-01-02,2024-01-05,0,0,0,3
806,2024-01-02,2024-01-05,0,0,0,3
807,2024-01-05,2024-01-10,1,1,0,3
808,2024-01-09,2024-01-10,0,0,1,2
809,2024-01-04,2024-01-06,1,1,0,6
809,2024-01-04,2024-01-10,1,1,0,6
809,2024-01-04,2024-01-10,1,1,0,6
810,2024-01-06,2024-01-11,1,0,0,5
811,2024-01-03,2024-01-05,0,0,0,4
811,2024-01-03,2024-01-08,0,0,0,4
812,2024-01-07,2024-01-08,1,1,1,2
812,2024-01-07,2024-01-09,1,1,1,2
813,2024-01-03,2024-01-05,0,0,0,1
813,2024-01-03,2024-01-07,0,0,0,1
813,2024-01-03,2024-01-10,0,0,0,1
814,2024-01-02,2024-01-05,1,1,1,5
815,2024-01-08,2024-01-13,1,1,0,5
815,2024-01-08,2024-01-14,1,1,0,5
816,2024-01-06,2024-01-08,0,0,1,1
816,2024-01-06,2024-01-12,0,0,1,1
816,2024-01-06,2024-01-13,0,0,1,1
817,2024-01-06,2024-01-08,1,1,0,2
817,2024-01-06,2024-01-12,1,1,0,2
818,2024-01-02,2024-01-03,0,1,1,1
818,2024-01-02,2024-01-08,0,1,1,1
819,2024-01-05,2024-01-06,1,0,0,2
819,2024-01-05,2024-01-09,1,0,0,2
820,2024-01-05,2024-01-09,1,0,1,3
820,2024-01-05,2024-01-12,1,0,1,3
821,2024-01-09,2024-01-10,0,0,0,4
821,2024-01-09,2024-01-12,0,0,0,4
821,2024-01-09,2024-01-16,0,0,0,4
822,2024-01-01,2024-01-04,0,1,0,1
823,2024-01-09,2024-01-10,1,1,0,6
823,2024-01-09,2024-01-16,1,1,0,6
824,2024-01-02,2024-01-07,1,1,0,4
824,2024-01-02,2024-01-09,1,1,0,4
825,2024-01-04,2024-01-10,0,1,1,4
826,2024-01-10,2024-01-14,1,0,0,7
826,2024-01-10,2024-01-16,1,0,0,7
826,2024-01-10,2024-01-17,1,0,0,7
827,2024-01-10,2024-01-16,0,1,1,3
828,2024-01-06,2024-01-09,0,1,1,3
829,2024-01-06,2024-01-12,1,0,1,4
830,2024-01-10,2024-01-14,0,0,0,4
830,2024-01-10,2024-01-15,0,0,0,4
831,2024-01-04,2024-01-06,1,1,0,3
831,2024-01-04,2024-01-07,1,1,0,3
831,2024-01-04,2024-01-09,1,1,0,3
832,2024-01-05,2024-01-06,0,0,0,4
832,2024-01-05,2024-01-11,0,0,0,4
833,2024-01-10,2024-01-13,1,1,1,2
833,2024-01-10,2024-01-17,1,1,1,2
834,2024-01-05,2024-01-10,1,1,1,6
835,2024-01-06,2024-01-11,1,1,0,5
836,2024-01-01,2024-01-02,1,1,0,3
836,2024-01-01,2024-01-03,1,1,0,3
836,2024-01-01,2024-01-05,1,1,0,3
837,2024-01-06,2024-01-13,1,0,0,2
838,2024-01-07,2024-01-08,1,0,1,4
838,2024-01-07,2024-01-11,1,0,1,4
838,2024-01-07,2024-01-14,1,0,1,4
839,2024-01-06,2024-01-08,0,0,1,1
839,2024-01-06,2024-01-12,0,0,1,1
840,2024-01-04,2024-01-08,0,0,1,4
840,2024-01-04,2024-01-08,0,0,1,4
840,2024-01-04,2024-01-10,0,0,1,4
841,2024-01-01,2024-01-02,1,1,1,7
842,2024-01-04,2024-01-06,0,0,0,2
842,2024-01-04,2024-01-08,0,0,0,2
842,2024-01-04,2024-01-08,0,0,0,2
843,2024-01-08,2024-01-10,1,1,1,5
843,2024-01-08,2024-01-12,1,1,1,5
844,2024-01-05,2024-01-06,0,1,1,1
844,2024-01-05,2024-01-09,0,1,1,1
845,2024-01-06,2024-01-09,0,1,0,2
846,2024-01-01,2024-01-08,0,0,1,2
847,2024-01-01,2024-01-03,0,0,1,1
848,2024-01-05,2024-01-06,0,1,1,4
848,2024-01-05,2024-01-06,0,1,1,4
848,2024-01-05,2024-01-10,0,1,1,4
849,2024-01-06,2024-01-08,0,1,1,2
850,2024-01-01,2024-01-02,1,1,1,3
850,2024-01-01,2024-01-06,1,1,1,3
850,2024-01-01,2024-01-07,1,1,1,3
851,2024-01-02,2024-01-03,0,0,0,3
851,2024-01-02,2024-01-08,0,0,0,3
852,2024-01-01,2024-01-03,0,1,1,1
852,2024-01-01,2024-01-07,0,1,1,1
852,2024-01-01,2024-01-08,0,1,1,1
853,2024-01-06,2024-01-07,0,1,1,1
853,2024-01-06,2024-01-10,0,1,1,1
853,2024-01-06,2024-01-12,0,1,1,1
854,2024-01-01,2024-01-06,0,0,1,4
854,2024-01-01,2024-01-07,0,0,1,4
855,2024-01-05,2024-01-06,0,0,0,4
856,2024-01-02,2024-01-07,0,0,0,3
856,2024-01-02,2024-01-07,0,0,0,3
857,2024-01-06,2024-01-10,0,1,0,1
858,2024-01-10,2024-01-12,1,1,1,2
859,2024-01-02,2024-01-03,1,1,1,7
859,2024-01-02,2024-01-04,1,1,1,7
860,2024-01-09,2024-01-10,1,1,0,5
860,2024-01-09,2024-01-16,1,1,0,5
861,2024-01-08,2024-01-09,1,1,0,4
861,2024-01-08,2024-01-10,1,1,0,4
861,2024-01-08,2024-01-13,1,1,0,4
862,2024-01-07,2024-01-12,1,0,1,3
863,2024-01-08,2024-01-12,1,1,1,4
863,2024-01-08,2024-01-14,1,1,1,4
864,2024-01-04,2024-01-06,1,1,0,7
864,2024-01-04,2024-01-06,1,1,0,7
864,2024-01-04,2024-01-08,1,1,0,7
865,2024-01-09,2024-01-13,0,1,0,2
865,2024-01-09,2024-01-14,0,1,0,2
866,2024-01-02,2024-01-06,1,1,1,7
867,2024-01-08,2024-01-09,0,1,0,3
867,2024-01-08,2024-01-10,0,1,0,3
868,2024-01-08,2024-01-09,1,0,0,6
868,2024-01-08,2024-01-13,1,0,0,6
869,2024-01-01,2024-01-08,1,0,0,2
870,2024-01-01,2024-01-02,0,1,1,1
870,2024-01-01,2024-01-02,0,1,1,1
870,2024-01-01,2024-01-07,0,1,1,1
871,2024-01-06,2024-01-08,1,1,0,4
871,2024-01-06,2024-01-08,1,1,0,4
872,2024-01-01,2024-01-03,0,1,0,4
872,2024-01-01,2024-01-03,0,1,0,4
873,2024-01-06,2024-01-12,1,1,0,5
873,2024-01-06,2024-01-13,1,1,0,5
874,2024-01-02,2024-01-09,1,0,1,6
875,2024-01-03,2024-01-08,0,0,1,3
876,2024-01-08,2024-01-12,0,0,0,2
876,2024-01-08,2024-01-13,0,0,0,2
877,2024-01-06,2024-01-07,0,0,0,3
877,2024-01-06,2024-01-09,0,0,0,3
878,2024-01-04,2024-01-05,0,1,1,1
879,2024-01-04,2024-01-05,0,1,0,3
879,2024-01-04,2024-01-08,0,1,0,3
879,2024-01-04,2024-01-09,0,1,0,3
880,2024-01-04,2024-01-07,0,1,0,2
881,2024-01-08,2024-01-09,0,1,1,1
881,2024-01-08,2024-01-10,0,1,1,1
882,2024-01-07,2024-01-11,0,0,0,2
882,2024-01-07,2024-01-14,0,0,0,2
883,2024-01-07,2024-01-13,1,1,1,6
884,2024-01-02,2024-01-05,1,0,1,2
884,2024-01-02,2024-01-05,1,0,1,2
885,2024-01-02,2024-01-07,1,0,1,3
886,2024-01-01,2024-01-04,0,1,0,2
886,2024-01-01,2024-01-05,0,1,0,2
886,2024-01-01,2024-01-06,0,1,0,2
887,2024-01-01,2024-01-08,1,0,1,6
888,2024-01-02,2024-01-07,1,1,1,4
889,2024-01-03,2024-01-05,1,1,1,6
889,2024-01-03,2024-01-06,1,1,1,6
889,2024-01-03,2024-01-07,1,1,1,6
890,2024-01-09,2024-01-11,1,0,0,5
890,2024-01-09,2024-01-11,1,0,0,5
890,2024-01-09,2024-01-12,1,0,0,5
891,2024-01-08,2024-01-10,0,0,1,4
892,2024-01-04,2024-01-05,1,0,1,2
893,2024-01-01,2024-01-06,1,1,1,4
894,2024-01-09,2024-01-11,1,0,1,4
894,2024-01-09,2024-01-14,1,0,1,4
894,2024-01-09,2024-01-14,1,0,1,4
895,2024-01-05,2024-01-06,0,1,1,1
895,2024-01-05,2024-01-07,0,1,1,1
896,2024-01-10,2024-01-12,1,0,1,6
896,2024-01-10,2024-01-12,1,0,1,6
897,2024-01-07,2024-01-10,0,1,1,1
898,2024-01-03,2024-01-07,1,1,0,7
898,2024-01-03,2024-01-10,1,1,0,7
899,2024-01-01,2024-01-02,0,1,1,2
899,2024-01-01,2024-01-05,0,1,1,2
900,2024-01-05,2024-01-07,1,1,1,5
901,2024-01-06,2024-01-07,0,0,1,4
901,2024-01-06,2024-01-11,0,0,1,4
902,2024-01-01,2024-01-05,0,1,0,2
902,2024-01-01,2024-01-06,0,1,0,2
902,2024-01-01,2024-01-08,0,1,0,2
903,2024-01-09,2024-01-10,0,0,0,3
904,2024-01-09,2024-01-14,0,0,0,3
904,2024-01-09,2024-01-14,0,0,0,3
905,2024-01-01,2024-01-03,0,0,0,2
905,2024-01-01,2024-01-07,0,0,0,2
906,2024-01-10,2024-01-12,1,0,1,2
906,2024-01-10,2024-01-15,1,0,1,2
906,2024-01-10,2024-01-17,1,0,1,2
907,2024-01-05,2024-01-08,0,1,1,2
907,2024-01-05,2024-01-11,0,1,1,2
908,2024-01-10,2024-01-14,0,1,0,1
908,2024-01-10,2024-01-17,0,1,0,1
909,2024-01-04,2024-01-06,1,0,1,5
909,2024-01-04,2024-01-10,1,0,1,5
909,2024-01-04,2024-01-11,1,0,1,5
910,2024-01-09,2024-01-11,1,0,0,4
910,2024-01-09,2024-01-11,1,0,0,4
910,2024-01-09,2024-01-14,1,0,0,4
911,2024-01-06,2024-01-07,0,0,0,2
911,2024-01-06,2024-01-08,0,0,0,2
911,2024-01-06,2024-01-09,0,0,0,2
912,2024-01-10,2024-01-11,0,1,0,4
912,2024-01-10,2024-01-11,0,1,0,4
912,2024-01-10,2024-01-12,0,1,0,4
913,2024-01-08,2024-01-09,0,0,1,1
913,2024-01-08,2024-01-12,0,0,1,1
914,2024-01-03,2024-01-09,1,1,1,3
914,2024-01-03,2024-01-09,1,1,1,3
915,2024-01-06,2024-01-07,1,0,1,2
915,2024-01-06,2024-01-07,1,0,1,2
915,2024-01-06,2024-01-12,1,0,1,2
916,2024-01-09,2024-01-14,0,1,0,1
916,2024-01-09,2024-01-16,0,1,0,1
917,2024-01-10,2024-01-16,1,1,0,2
918,2024-01-01,2024-01-02,1,1,1,2
918,2024-01-01,2024-01-08,1,1,1,2
919,2024-01-08,2024-01-10,1,1,1,7
919,2024-01-08,2024-01-12,1,1,1,7
919,2024-01-08,2024-01-15,1,1,1,7
920,2024-01-07,2024-01-10,0,0,0,1
920,2024-01-07,2024-01-11,0,0,0,1
920,2024-01-07,2024-01-12,0,0,0,1
921,2024-01-03,2024-01-05,1,0,0,2
921,2024-01-03,2024-01-09,1,0,0,2
922,2024-01-09,2024-01-11,1,0,1,6
923,2024-01-01,2024-01-02,1,0,1,4
923,2024-01-01,2024-01-04,1,0,1,4
924,2024-01-07,2024-01-08,1,1,0,3
924,2024-01-07,2024-01-09,1,1,0,3
924,2024-01-07,2024-01-12,1,1,0,3
925,2024-01-06,2024-01-09,1,1,0,5
926,2024-01-01,2024-01-08,0,0,0,3
927,2024-01-04,2024-01-07,1,1,1,2
927,2024-01-04,2024-01-10,1,1,1,2
928,2024-01-09,2024-01-10,0,1,1,1
929,2024-01-02,2024-01-03,0,1,0,4
929,2024-01-02,2024-01-08,0,1,0,4
930,2024-01-06,2024-01-09,0,0,1,4
930,2024-01-06,2024-01-10,0,0,1,4
930,2024-01-06,2024-01-10,0,0,1,4
931,2024-01-03,2024-01-06,1,1,0,2
931,2024-01-03,2024-01-07,1,1,0,2
932,2024-01-04,2024-01-06,1,0,1,7
932,2024-01-04,2024-01-10,1,0,1,7
933,2024-01-01,2024-01-02,0,0,0,1
934,2024-01-07,2024-01-10,1,0,1,7
935,2024-01-05,2024-01-07,1,0,1,7
935,2024-01-05,2024-01-10,1,0,1,7
935,2024-01-05,2024-01-11,1,0,1,7
936,2024-01-09,2024-01-12,0,1,0,1
936,2024-01-09,2024-01-15,0,1,0,1
936,2024-01-09,2024-01-15,0,1,0,1
937,2024-01-04,2024-01-11,0,1,1,3
938,2024-01-01,2024-01-06,1,0,1,6
938,2024-01-01,2024-01-07,1,0,1,6
938,2024-01-01,2024-01-08,1,0,1,6
939,2024-01-07,2024-01-08,1,1,1,4
939,2024-01-07,2024-01-09,1,1,1,4
939,2024-01-07,2024-01-14,1,1,1,4
940,2024-01-07,2024-01-14,1,0,1,3
941,2024-01-03,2024-01-04,1,0,0,2
941,2024-01-03,2024-01-04,1,0,0,2
942,2024-01-02,2024-01-03,0,1,0,1
942,2024-01-02,2024-01-09,0,1,0,1
943,2024-01-06,2024-01-07,1,0,0,3
943,2024-01-06,2024-01-13,1,0,0,3
944,2024-01-08,2024-01-14,1,1,0,7
945,2024-01-09,2024-01-13,0,1,0,2
946,2024-01-03,2024-01-04,1,0,0,2
946,2024-01-03,2024-01-08,1,0,0,2
946,2024-01-03,2024-01-09,1,0,0,2
947,2024-01-10,2024-01-12,0,0,0,3
947,2024-01-10,2024-01-13,0,0,0,3
948,2024-01-04,2024-01-06,0,0,1,3
949,2024-01-08,2024-01-15,0,0,1,3
950,2024-01-10,2024-01-11,1,0,0,6
950,2024-01-10,2024-01-11,1,0,0,6
950,2024-01-10,2024-01-13,1,0,0,6
951,2024-01-02,2024-01-05,1,1,1,5
951,2024-01-02,2024-01-05,1,1,1,5
952,2024-01-10,2024-01-12,1,1,1,7
952,2024-01-10,2024-01-12,1,1,1,7
952,2024-01-10,2024-01-13,1,1,1,7
953,2024-01-03,2024-01-06,1,1,0,5
953,2024-01-03,2024-01-08,1,1,0,5
953,2024-01-03,2024-01-10,1,1,0,5
954,2024-01-07,2024-01-11,0,1,0,2
954,2024-01-07,2024-01-12,0,1,0,2
955,2024-01-06,2024-01-07,1,1,1,7
956,2024-01-02,2024-01-07,1,1,1,5
957,2024-01-07,2024-01-08,1,1,0,6
957,2024-01-07,2024-01-13,1,1,0,6
958,2024-01-02,2024-01-04,1,0,1,7
958,2024-01-02,2024-01-04,1,0,1,7
958,2024-01-02,2024-01-05,1,0,1,7
959,2024-01-08,2024-01-11,0,0,1,3
959,2024-01-08,2024-01-12,0,0,1,3
959,2024-01-08,2024-01-14,0,0,1,3
960,2024-01-08,2024-01-11,0,1,0,1
961,2024-01-09,2024-01-12,0,1,1,3
961,2024-01-09,2024-01-14,0,1,1,3
961,2024-01-09,2024-01-16,0,1,1,3
962,2024-01-02,2024-01-06,0,1,0,3
963,2024-01-02,2024-01-07,0,1,0,3
963,2024-01-02,2024-01-08,0,1,0,3
964,2024-01-10,2024-01-12,0,1,0,1
964,2024-01-10,2024-01-14,0,1,0,1
965,2024-01-07,2024-01-08,1,0,1,2
965,2024-01-07,2024-01-09,1,0,1,2
965,2024-01-07,2024-01-14,1,0,1,2
966,2024-01-08,2024-01-15,1,0,1,6
967,2024-01-05,2024-01-08,0,0,1,4
968,2024-01-02,2024-01-05,1,1,1,4
968,2024-01-02,2024-01-06,1,1,1,4
968,2024-01-02,2024-01-08,1,1,1,4
969,2024-01-01,2024-01-02,0,1,0,1
969,2024-01-01,2024-01-04,0,1,0,1
969,2024-01-01,2024-01-05,0,1,0,1
970,2024-01-02,2024-01-08,1,1,1,3
971,2024-01-08,2024-01-11,1,1,1,2
972,2024-01-03,2024-01-04,1,0,0,7
972,2024-01-03,2024-01-08,1,0,0,7
972,2024-01-03,2024-01-10,1,0,0,7
973,2024-01-06,2024-01-08,1,1,0,5
973,2024-01-06,2024-01-09,1,1,0,5
973,2024-01-06,2024-01-13,1,1,0,5
974,2024-01-01,2024-01-06,1,0,0,2
974,2024-01-01,2024-01-07,1,0,0,2
975,2024-01-05,2024-01-08,1,0,1,2
975,2024-01-05,2024-01-09,1,0,1,2
975,2024-01-05,2024-01-12,1,0,1,2
976,2024-01-10,2024-01-17,0,1,1,1
977,2024-01-03,2024-01-08,1,1,1,4
977,2024-01-03,2024-01-08,1,1,1,4
978,2024-01-05,2024-01-06,1,0,0,7
978,2024-01-05,2024-01-07,1,0,0,7
979,2024-01-03,2024-01-10,1,0,0,3
980,2024-01-03,2024-01-05,0,1,0,1
980,2024-01-03,2024-01-10,0,1,0,1
980,2024-01-03,2024-01-10,0,1,0,1
981,2024-01-07,2024-01-11,0,1,1,4
981,2024-01-07,2024-01-14,0,1,1,4
982,2024-01-04,2024-01-07,0,1,1,2
982,2024-01-04,2024-01-08,0,1,1,2
982,2024-01-04,2024-01-08,0,1,1,2
983,2024-01-09,2024-01-14,1,0,0,6
984,2024-01-01,2024-01-02,0,1,1,4
984,2024-01-01,2024-01-04,0,1,1,4
984,2024-01-01,2024-01-08,0,1,1,4
985,2024-01-05,2024-01-09,0,0,0,4
985,2024-01-05,2024-01-12,0,0,0,4
986,2024-01-05,2024-01-07,1,0,1,4
986,2024-01-05,2024-01-08,1,0,1,4
987,2024-01-08,2024-01-09,0,1,1,3
987,2024-01-08,2024-01-11,0,1,1,3
987,2024-01-08,2024-01-15,0,1,1,3
988,2024-01-06,2024-01-11,1,1,0,6
989,2024-01-10,2024-01-16,1,1,1,4
990,2024-01-10,2024-01-13,0,1,1,1
990,2024-01-10,2024-01-16,0,1,1,1
990,2024-01-10,2024-01-17,0,1,1,1
991,2024-01-10,2024-01-12,0,0,0,2
991,2024-01-10,2024-01-17,0,0,0,2
992,2024-01-06,2024-01-07,0,0,0,1
993,2024-01-06,2024-01-07,1,1,0,2
993,2024-01-06,2024-01-09,1,1,0,2
993,2024-01-06,2024-01-13,1,1,0,2
994,2024-01-07,2024-01-14,0,0,1,3
995,2024-01-03,2024-01-04,1,0,0,6
995,2024-01-03,2024-01-10,1,0,0,6
995,2024-01-03,2024-01-10,1,0,0,6
996,2024-01-09,2024-01-10,0,1,1,2
996,2024-01-09,2024-01-12,0,1,1,2
996,2024-01-09,2024-01-16,0,1,1,2
997,2024-01-05,2024-01-06,1,1,1,4
997,2024-01-05,2024-01-06,1,1,1,4
997,2024-01-05,2024-01-10,1,1,1,4
998,2024-01-09,2024-01-12,0,1,1,3
998,2024-01-09,2024-01-12,0,1,1,3
998,2024-01-09,2024-01-16,0,1,1,3
999,2024-01-01,2024-01-04,1,0,1,4
1000,2024-01-08,2024-01-11,0,0,1,4
1000,2024-01-08,2024-01-12,0,0,1,4
1000,2024-01-08,2024-01-13,0,0,1,4
